Depth (ft),%Na,%Mg,%Al,%Si,%P,%S,%K,%Ca,%Ti,%Mn,%Fe,V ppm,Cr ppm,Co ppm,Ni ppm,Cu ppm,Zn ppm,Ga ppm,As ppm,Pb ppm,Th ppm,Rb ppm,U ppm,Sr ppm,Y ppm,Zr ppm,Nb ppm,Mo ppm,Quartz,Dolomite,Illite,Calcite,Gypsum,Microclin,Albite,Pyrite,Kaolinite
5651.333,0.1518,1.1787,1.6364,6.5759,0.6454,0.4663,0.5853,30.4133,0.0703,0.0149,0.8455,52,43,12,75,54,69,28,11,16,12,40,123,11783,0,0,27,0,,,,,,,,,
5651.667,0.1759,0,0.3344,3.0269,0.0159,0.4579,0.2176,33.2462,0.0263,0.0131,0.9217,19,15,4,18,13,17,6,8,9,3,19,9,370,11,29,2,2,,,,,,,,,
5652,0.2105,0.1037,0.6495,4.324,0,0.4321,0.3579,30.6909,0.0474,0.014,0.9213,41,20,6,16,12,8,5,7,9,3,25,0,237,15,53,3,0,2.8,6.9,5.7,60.7,6.3,4.1,4.2,6.1,3.1
5652.333,0.1603,0.7465,0.3981,3.0783,0,0.6921,0.2229,35.6102,0.0218,0.0138,0.848,43,22,5,19,16,7,4,6,9,3,14,0,313,11,25,1,1,,,,,,,,,
5652.667,0.1216,0.7241,0.2485,2.216,0,0.4322,0.1257,37.5925,0.0155,0.0136,0.7512,43,10,8,14,18,13,4,6,8,2,10,6,349,7,9,1,3,,,,,,,,,
5653,0.2022,0,0.3689,2.6534,0,0.3484,0.1799,35.2126,0.023,0.0133,0.8721,45,10,8,21,13,9,5,0,8,3,13,0,258,15,24,2,0,,,,,,,,,
5653.333,0.1903,1.7858,0.1788,2.0977,0.0124,0.9827,0.1012,37.6266,0.0104,0.0131,1.1217,27,13,5,20,13,10,2,2,7,3,12,0,206,11,18,0,0,1.3,4.9,4.7,64.3,5.9,5,3.4,5.2,5.4
5653.667,0.1881,0.7832,0.511,3.2446,0,0.2385,0.2285,35.4483,0.0267,0.0138,0.8045,41,18,9,31,91,2729,11,0,9,3,20,2,230,15,28,2,0,,,,,,,,,
5654,0.2134,0.4105,0.0095,2.2629,0,0.3442,0.0961,36.1061,0.0159,0.0142,0.8202,35,12,7,19,18,9,5,11,11,3,10,4,247,11,20,1,0,,,,,,,,,
5654.333,0.1317,1.0416,1.011,3.7232,0,1.0262,0.2609,34.9022,0.0364,0.0136,0.9024,30,21,3,34,21,5,3,10,11,3,22,10,198,14,43,1,4,,,,,,,,,
5654.667,0.2407,0.4042,0.2094,2.4507,0,0.2352,0.1258,34.5335,0.0188,0.0136,0.8834,44,7,5,19,13,4,5,4,8,3,14,0,171,17,20,0,1,1.6,4.9,6.6,64.3,6.6,4.4,3.9,3.3,4.4
5655,0.192,0.7642,0.2224,2.6419,0,0.2823,0.1262,36.4431,0.0163,0.0135,0.8445,36,16,6,21,12,8,4,3,7,3,14,0,221,15,18,0,0,,,,,,,,,
5655.333,0.1349,0.1147,0.0148,2.1636,0,0.2059,0.1101,36.2273,0.0147,0.0137,0.8094,43,13,6,21,14,2,1,7,8,3,7,6,250,10,14,2,0,,,,,,,,,
5655.667,0.1708,0.7712,0.1154,2.053,0,0.2106,0.1265,37.7122,0.0159,0.0137,0.8392,35,15,8,11,14,6,4,1,7,3,10,0,199,13,18,0,0,,,,,,,,,
5656,0.1782,0.0416,0.0146,1.9708,0,0.1654,0.1041,35.9999,0.014,0.0133,0.8062,57,10,7,12,13,6,3,0,6,3,13,0,207,9,12,1,0,,,,,,,,,
5656.333,0.187,0.8011,0.0856,2.0225,0,0.236,0.1392,38.1895,0.0157,0.0138,0.7852,50,8,7,16,11,8,4,5,9,3,12,1,245,15,18,1,2,1.9,5.8,4.4,67.4,4.9,4.6,4.7,4,2.3
5656.667,0.219,0.0396,0.0583,2.0077,0,0.1619,0.1009,36.0156,0.0121,0.0137,0.7293,31,11,8,14,18,15,5,4,7,3,9,10,250,10,20,3,1,,,,,,,,,
5657,0.2231,0,0.064,2.1706,0,0.2935,0.1112,34.5992,0.0128,0.0136,0.7734,36,11,8,28,19,8,3,6,7,3,14,1,234,13,14,1,0,,,,,,,,,
5657.333,0.1208,0.3053,0.0207,2.2026,0,0.2792,0.1273,35.7759,0.0159,0.0137,0.812,29,18,6,15,15,4,5,4,7,2,11,1,207,11,16,1,0,,,,,,,,,
5657.667,0.217,0.6666,0.0733,2.1865,0,0.2137,0.1263,35.7656,0.0121,0.0134,0.8011,39,10,7,20,19,10,5,5,9,3,15,1,251,17,17,2,1,1.9,5.1,4.9,66.7,5.6,3.8,3.4,4.7,4
5658,0.192,0,0.3201,2.7258,0,0.276,0.1686,34.2311,0.019,0.0133,0.8558,41,13,8,21,18,5,5,7,9,2,11,7,263,14,23,0,0,,,,,,,,,
5658.333,0.1525,0.6842,0.2304,2.5693,0,0.2993,0.1541,35.5273,0.0228,0.0132,0.9461,40,9,6,21,21,8,4,18,13,3,13,0,248,14,22,1,0,,,,,,,,,
5658.667,0.2076,0,0.4107,2.7291,0,0.286,0.1428,32.3766,0.0162,0.0129,0.956,34,9,5,35,14,11,7,11,11,3,16,4,275,16,25,1,1,,,,,,,,,
5659,0.1705,0.6304,0.1108,2.6057,0,0.4049,0.1416,35.8042,0.0206,0.0134,0.8757,37,14,7,18,12,5,3,4,8,3,15,0,241,17,21,2,0,,,,,,,,,
5659.333,0.1219,1.0744,0.4164,2.8406,0,0.3645,0.2104,37.0762,0.0349,0.0142,0.943,42,14,7,20,15,8,3,14,11,3,17,0,277,15,26,1,0,3,6,5.2,62.6,6.4,4.8,3.2,5.8,3.1
5659.667,0.1657,0.4695,0.9601,4.301,0,1.0519,0.2881,32.7597,0.056,0.0137,1.1005,63,25,4,26,13,8,6,19,13,4,33,0,272,17,71,3,7,,,,,,,,,
5660,0.1803,0.6651,0.9325,3.8403,0.0074,1.4335,0.2662,32.6257,0.0654,0.0134,1.0942,32,18,4,19,13,13,6,22,14,3,27,0,301,19,34,2,1,,,,,,,,,
5662.333,0.1451,0.2069,0.0985,2.4058,0,0.5341,0.1397,36.2219,0.0258,0.0139,0.8684,46,11,6,16,18,7,5,3,8,3,17,0,240,16,24,1,0,,,,,,,,,
5662.667,0.1546,0.2906,0.3878,3.014,0,0.5186,0.2131,35.6189,0.0292,0.0138,0.8319,42,18,9,13,17,13,4,2,6,3,14,0,220,21,21,0,0,1.6,5.3,4.6,61.5,6.9,5.4,5.9,3.8,5.2
5663,0.273,0.1527,0.9877,4.0518,0.0323,0.4341,0.3093,32.4655,0.0415,0.0139,0.8513,44,22,6,23,17,17,5,7,9,3,23,3,402,14,25,2,0,,,,,,,,,
5663.333,0.2749,0.7666,1.5984,5.2103,0.0666,1.1396,0.4611,30.6674,0.0803,0.0139,1.0604,38,29,5,49,20,9,7,24,17,5,41,0,361,14,49,4,5,,,,,,,,,
5663.667,0.2317,0.5853,0.9553,3.907,0.0897,0.5411,0.3248,33.2761,0.0534,0.0143,0.9562,45,30,7,22,15,17,5,12,11,3,19,0,294,16,22,1,0,,,,,,,,,
5664,0.2257,0,1.2722,4.1758,0.0149,0.534,0.3484,32.228,0.0536,0.0137,0.9672,35,28,5,24,15,10,6,7,10,4,26,2,210,18,33,2,3,,,,,,,,,
5664.333,0.2283,0.4059,0.3035,2.4493,0,0.2387,0.1727,35.5729,0.0272,0.0136,0.8176,48,13,7,22,15,6,3,4,8,3,13,4,205,13,27,2,0,2.3,5.8,4.5,61,5.8,4.2,4.8,7.5,4.1
5664.667,0.1649,1.0413,1.0759,3.7083,0,1.1658,0.2862,32.5576,0.053,0.0133,1.1341,41,18,5,30,18,22,4,19,14,4,24,0,355,14,23,0,0,,,,,,,,,
5665,0.2245,0.9549,1.2235,3.8244,0.0438,2.0659,0.3477,29.8375,0.0932,0.0127,1.4451,23,18,1,54,19,21,9,37,19,4,31,0,626,13,39,5,5,,,,,,,,,
5665.333,0.2483,0.5348,0.2346,2.4389,0,0.4087,0.1712,33.9563,0.0165,0.0134,0.845,47,9,6,15,12,7,3,7,8,3,21,0,267,19,23,0,0,,,,,,,,,
5665.667,0.2019,0.7197,0.5712,2.7647,0,1.5318,0.1633,31.929,0.0183,0.0128,1.1227,37,13,7,25,13,9,4,17,12,3,13,1,232,16,18,0,0,2,4.4,4.3,66.1,5.5,3.2,2.9,5.4,6.1
5666,0.1648,0,0.1651,2.1817,0,0.4553,0.1481,36.3832,0.0157,0.0134,0.764,34,25,6,26,18,9,2,11,10,3,10,0,207,14,20,0,0,,,,,,,,,
5666.333,0.1178,0.4117,0.2918,2.4409,0,0.4367,0.1704,36.5497,0.0186,0.0135,0.9137,51,21,6,27,13,14,3,11,10,3,14,4,234,14,19,2,0,,,,,,,,,
5666.667,0.1118,0.6106,0.1711,2.3934,0,0.2627,0.1388,37.3302,0.018,0.0137,0.8075,41,11,6,23,20,4,3,7,8,3,15,0,228,16,23,2,0,,,,,,,,,
5667,0.183,0.5079,0.1532,2.5386,0,0.7507,0.1812,34.3164,0.0227,0.0133,0.9063,54,14,7,22,14,13,5,10,10,3,20,0,225,18,21,2,0,,,,,,,,,
5667.333,0.1225,0.699,0.1869,2.3718,0,0.2703,0.1404,37.3481,0.0239,0.0136,0.8172,57,10,9,20,16,13,6,10,11,3,18,0,190,16,22,1,0,2.3,5.4,4.7,63.5,6.1,6.2,3.3,5.8,2.7
5667.667,0.2262,0.218,0.1527,2.4479,0,0.1942,0.162,35.0959,0.0191,0.0139,0.8465,46,10,7,27,10,9,4,13,11,3,15,0,206,13,21,1,2,,,,,,,,,
5668,0.2563,0.5228,0.5353,2.7473,0,0.5088,0.1687,33.7752,0.0273,0.0135,0.9177,51,14,5,23,18,9,3,10,10,3,16,0,638,6,9,3,0,,,,,,,,,
5668.333,0.1147,0,0.3529,2.599,0,0.3146,0.1603,35.4934,0.0224,0.0132,1.0135,40,16,8,20,19,5,2,20,14,3,13,0,247,18,25,1,0,,,,,,,,,
5668.667,0.1982,0.8309,0.403,2.9808,0,0.3656,0.1827,34.4652,0.0313,0.0131,1.0251,51,14,6,14,14,1,2,6,8,3,20,0,219,16,26,1,0,2,4.5,5.6,67.4,5.6,3.3,4.6,4.1,2.9
5669,0.1451,0.2752,0.3718,2.5816,0,0.3201,0.1967,35.441,0.032,0.0139,0.7752,46,8,6,19,15,7,2,9,8,3,13,7,341,14,28,1,0,,,,,,,,,
5669.333,0.1739,0.0633,0.4299,2.8549,0,0.4794,0.1984,34.7987,0.0324,0.0133,0.9316,37,13,7,15,15,11,2,11,10,3,21,0,422,14,22,2,0,,,,,,,,,
5669.667,0.187,0.0683,0.2431,2.6863,0,0.2813,0.1562,33.2144,0.0184,0.0135,0.9291,43,17,6,22,18,13,7,8,9,3,16,0,243,15,20,1,0,,,,,,,,,
5670,0.1851,0.1378,0.4455,2.8449,0,0.7735,0.2163,33.6738,0.0327,0.0132,1.0764,36,10,4,20,15,8,3,13,11,3,11,3,270,15,22,0,0,3,5.1,4.3,66.3,8.2,4.5,3.5,3.4,1.7
5670.333,0.2287,0.15,0.712,3.3505,0,0.9276,0.2426,32.6909,0.0428,0.0134,1.1955,41,15,4,21,16,15,7,10,11,3,20,0,250,14,28,1,0,,,,,,,,,
5670.667,0.1048,0.8632,0.2028,2.323,0,1.028,0.1378,36.3651,0.0223,0.0136,0.9698,45,12,6,11,15,9,3,4,9,3,17,0,264,12,18,3,0,,,,,,,,,
5671,0.1832,0.4502,0.1781,2.2037,0,0.2517,0.1369,36.4726,0.0152,0.0135,0.895,35,20,6,12,14,10,3,5,7,3,17,0,242,16,23,2,0,,,,,,,,,
5672.333,0.1354,0.5956,0.5346,3.1722,0.0216,0.7063,0.2008,34.4421,0.0316,0.0135,1.0345,58,19,2,39,21,21,11,38,15,6,50,0,1247,0,46,6,2,2.9,4.8,4.8,63.8,7.1,3.7,3.9,5.2,3.7
5673,0.1814,1.2692,0.9203,3.239,0,1.5515,0.229,34.0442,0.0325,0.0131,1.1271,47,19,4,14,16,11,6,14,12,3,21,9,293,18,33,2,2,,,,,,,,,
5673.333,0.1298,1.2571,0.5273,2.8155,0.0013,1.686,0.1883,34.7553,0.0314,0.0133,1.0829,60,10,6,17,12,13,5,15,13,3,17,0,252,17,23,0,0,,,,,,,,,
5673.667,0.2355,1.461,1.4055,4.8398,0.0147,1.6503,0.375,30.3387,0.0837,0.0136,1.262,30,22,4,30,17,13,6,28,20,3,27,0,306,16,39,3,0,,,,,,,,,
5674,0.2108,1.2102,0.323,3.0131,0,1.1257,0.1703,33.0029,0.0293,0.0135,0.9983,56,20,4,19,11,14,7,18,13,3,19,0,265,14,32,1,0,3.4,3,3.5,63.7,9.3,5.6,4.4,3.9,3.2
5674.333,0.1859,0.582,0.1769,2.2625,0,0.7438,0.1237,35.5631,0.0208,0.0134,1.071,60,10,4,17,16,8,5,15,13,3,17,0,265,16,24,1,0,,,,,,,,,
5674.667,0.1403,0.8915,0.2919,2.6024,0,0.9533,0.1486,35.0824,0.0231,0.0134,1.0578,49,14,5,19,16,11,3,7,7,3,16,0,236,19,22,2,0,,,,,,,,,
5675.333,0.1717,1.2971,0.2626,2.5113,0,1.3687,0.1504,36.1621,0.0301,0.0133,1.0145,49,14,5,20,18,6,2,8,7,3,18,0,221,20,28,1,0,,,,,,,,,
5675.667,0.1398,0.2365,0.7526,3.6188,0,0.695,0.2511,32.6026,0.036,0.0136,0.9745,52,16,6,11,14,5,3,7,9,3,14,0,212,20,28,3,0,2.5,3.7,3.6,64.9,6,4.4,2.7,6.6,5.5
5676,0.1134,1.083,0.2008,2.1825,0,1.0295,0.1183,35.647,0.0261,0.0128,1.2406,43,6,4,28,16,5,0,24,15,3,14,0,257,13,17,0,0,,,,,,,,,
5676.333,0.1977,0,0.6961,3.6655,0,1.2323,0.2711,29.1825,0.059,0.0132,1.2165,33,21,6,29,15,15,6,32,14,4,33,0,260,24,62,4,0,,,,,,,,,
5676.667,0.0866,0.9806,0.3715,2.8045,0,1.2745,0.1593,34.2187,0.031,0.013,1.2101,51,13,4,20,14,19,4,15,12,3,21,0,282,18,32,2,0,,,,,,,,,
5677,0.2254,0,1.0278,4.5452,0.1488,1.6599,0.2552,28.3875,0.0608,0.014,1.1226,55,30,1,36,26,40,14,28,17,6,26,35,4468,0,0,11,0,,,,,,,,,
5677.333,0.1792,1.0562,0.474,2.6063,0,1.2847,0.1439,34.0961,0.0245,0.0137,1.0066,52,13,6,16,13,8,5,10,10,3,14,0,228,17,28,2,0,2.7,3.7,3,66,6.1,4.5,4.6,6.1,3.3
5677.667,0.2408,0.3707,0.1836,2.1078,0,0.4045,0.1063,36.4214,0.0163,0.0139,0.9019,33,9,6,12,16,10,3,8,8,2,9,0,212,15,18,0,0,,,,,,,,,
5678.333,0.1891,0.6948,0.3189,2.5279,0,0.3194,0.1472,34.351,0.0221,0.0135,0.994,45,3,5,14,17,6,4,4,7,3,11,0,207,13,22,2,0,,,,,,,,,
5678.667,0.183,0.4714,0.0688,2.0656,0,0.2377,0.1086,36.2109,0.0225,0.0137,0.8334,40,6,7,8,9,7,3,8,7,2,9,4,208,16,18,1,0,,,,,,,,,
5679,0.1377,0.5814,0.6784,3.2093,0,0.7204,0.2257,34.6515,0.0361,0.0137,0.9011,37,15,6,14,14,10,4,5,8,3,20,0,207,15,40,2,0,2.6,6.2,3.3,59.6,6.5,4.1,6.2,5.5,6
5679.333,0.0928,0.0379,0.5205,3.6252,0,0.5294,0.1786,33.4519,0.0352,0.0136,0.9943,49,22,5,13,14,8,6,6,9,3,14,0,191,18,29,3,0,,,,,,,,,
5679.667,0.2037,0.8554,1.1806,4.5671,0.015,0.9888,0.2966,31.901,0.0653,0.0137,1.1295,45,22,5,28,18,22,6,16,12,4,19,0,570,11,29,1,0,,,,,,,,,
5680,0.2131,0,0.3458,2.7806,0,1.5596,0.149,29.8821,0.0289,0.0134,1.1313,45,12,4,8,15,11,4,9,10,3,19,0,269,13,27,3,0,,,,,,,,,
5680.333,0.2747,0.2033,0.4077,2.8859,0,1.0732,0.1606,31.9451,0.0278,0.013,1.1998,42,13,5,23,18,14,6,13,12,3,18,0,307,13,25,2,0,4.3,5.9,3.7,56.5,9.6,4.9,4.4,6.3,4.3
5680.667,0.1423,0.5637,0.2865,2.4988,0,0.7394,0.1284,34.5714,0.0194,0.0135,0.9724,42,14,8,14,16,13,4,10,10,3,11,8,297,13,22,2,0,,,,,,,,,
5681,0.1494,0.5827,1.9456,3.9839,0.3742,0.9784,0.1732,31.005,0.0507,0.0142,0.933,47,25,8,39,34,46,15,20,18,7,25,62,7307,0,0,16,0,,,,,,,,,
5681.333,0.1648,0.7374,0.3806,2.5861,0,0.8887,0.1348,35.2271,0.0238,0.0136,0.8614,44,12,6,18,17,5,5,7,9,3,12,0,286,13,25,0,0,,,,,,,,,
5681.667,0.126,0.8967,0.2013,2.6154,0,1.4297,0.1292,34.236,0.0232,0.0134,1.0643,59,14,7,19,18,16,6,5,9,3,16,0,273,16,26,2,0,2.3,5,3.1,66,8.1,3.2,2.9,6,3.4
5682,0.1895,0.3024,0.4613,2.7807,0,1.5541,0.174,32.4064,0.0296,0.0134,1.0128,42,11,3,23,16,14,3,9,10,3,14,1,300,15,28,1,0,,,,,,,,,
5682.333,0.1843,0.3662,0.4508,3.3901,0,1.4004,0.1879,32.8968,0.0374,0.0136,1.0034,34,17,6,22,15,12,3,9,10,3,21,1,248,17,29,1,2,,,,,,,,,
5682.667,0.1613,0.9434,0.3804,3.0665,0,1.1562,0.1544,32.1779,0.0352,0.0135,1.0732,39,16,6,15,15,18,4,9,11,3,19,0,366,14,28,1,3,,,,,,,,,
5683,0.1737,0.2104,0.3339,2.507,0,0.503,0.152,34.2371,0.0237,0.0133,1.0276,36,9,6,20,20,16,7,5,8,4,16,0,759,3,17,3,0,1.8,5.5,6.6,64.2,5.1,6.3,3.4,3.9,3.3
5683.333,0.1761,0.6745,0.4453,3.0087,0,1.153,0.1863,33.1308,0.0316,0.013,1.2256,40,10,2,29,15,10,4,27,18,3,17,0,319,19,35,2,0,,,,,,,,,
5683.667,0.1802,0.4854,0.5207,3.2018,0,0.9161,0.1825,33.2894,0.0316,0.0139,0.9997,31,22,3,18,17,13,5,22,16,4,22,0,289,15,37,3,0,,,,,,,,,
5684.333,0.2116,0.7557,0.2215,2.5244,0,0.598,0.1531,35.529,0.0146,0.0139,0.9057,45,14,6,20,22,4,2,14,11,3,18,2,272,10,24,0,0,,,,,,,,,
5684.667,0.2725,0.3643,2.0693,7.1225,0,2.2003,0.5859,22.9395,0.1432,0.0136,1.7678,46,28,4,28,17,25,10,33,19,5,53,3,301,21,80,5,4,3,4,3.2,69.2,5.8,3.4,2.4,5.7,3.4
5685,0.1776,1.0737,0.4039,2.663,0,0.7983,0.1642,34.9588,0.0266,0.013,1.1271,46,8,5,17,16,7,4,18,13,3,18,0,240,19,28,2,0,,,,,,,,,
5685.333,0.208,1.4804,0.4501,2.6134,0,1.5164,0.1649,34.1987,0.0381,0.0134,1.1986,53,10,6,21,13,7,5,23,14,3,20,0,214,24,30,2,0,,,,,,,,,
5685.667,0.187,0.156,0.2441,2.5289,0,1.5162,0.1517,32.9727,0.0318,0.0126,1.3471,43,15,5,22,10,16,6,35,19,3,20,6,268,17,28,3,2,,,,,,,,,
5686,0.2956,0,0.0476,2.43,0,1.4323,0.1014,29.3999,0.012,0.012,1.4716,37,0,1,27,18,18,6,26,13,3,18,0,232,20,27,2,0,1.8,4.9,4.2,64.8,6.6,5.7,2.8,4.6,4.4
5686.333,0.1526,0.6155,0.2026,2.396,0,0.6114,0.1559,36.3537,0.0244,0.0135,1.0752,62,12,6,19,20,16,2,10,9,3,19,0,245,24,21,2,0,,,,,,,,,
5686.667,0.1817,0.1092,0.6339,3.2392,0,0.4353,0.2283,34.518,0.0395,0.0135,0.9768,43,17,6,16,15,12,4,10,10,3,22,0,232,19,37,0,0,,,,,,,,,
5687,0.1548,0.8174,0.6588,3.3136,0.0194,0.9768,0.2555,34.0616,0.0467,0.0134,1.1913,43,17,6,20,16,18,5,20,15,4,21,0,232,25,32,2,0,,,,,,,,,
5687.333,0.1696,0.2749,0.5288,2.9845,0,0.7599,0.2237,34.943,0.0376,0.0135,1.1015,47,17,5,18,18,8,6,21,15,3,18,5,230,23,28,2,0,3.4,5.7,4.3,66.8,6.1,3.9,3.5,4,2.3
5687.667,0.1554,0.9439,0.3173,2.7747,0,0.4536,0.1862,36.113,0.0295,0.0134,1.1228,44,19,7,21,12,13,4,19,13,3,16,0,237,20,21,1,0,,,,,,,,,
5688,0.383,0,0.8012,4.2305,0,1.4558,0.3684,24.2065,0.0834,0.0129,1.7039,41,31,0,72,27,19,7,64,3,4,37,0,328,20,51,4,0,,,,,,,,,
5688.333,0.1085,0.7491,0.9407,3.1622,0.1229,1.5458,0.2528,32.742,0.0357,0.0137,1.1028,52,21,3,28,17,23,8,14,13,5,20,10,2414,0,0,7,0,,,,,,,,,
5688.667,0.11,0,0.4846,2.8375,0.0823,1.077,0.2029,33.3509,0.0341,0.0135,1.2172,52,17,3,28,22,18,8,28,16,4,21,5,992,5,8,3,0,2.1,5.7,5.6,60.2,6.6,4.7,4.7,6.8,3.5
5689,0.1341,0.7633,0.1612,2.1569,0.0103,1.1212,0.1365,35.8132,0.0198,0.0131,1.1028,50,16,6,17,17,12,3,15,11,3,18,4,319,17,17,2,0,,,,,,,,,
5689.333,0.1725,0.5883,0.244,2.4161,0,0.327,0.1592,35.796,0.0196,0.0137,0.8483,41,9,6,8,14,4,1,5,7,3,17,0,247,18,18,0,0,,,,,,,,,
5689.667,0.1568,0.5342,0.08,2.1453,0,0.3441,0.1184,35.6717,0.0192,0.0134,0.9386,33,9,7,11,14,6,5,1,6,3,12,0,225,14,19,1,0,,,,,,,,,
5692.333,0.207,0.9242,0.1968,2.2352,0,0.3659,0.1417,36.1424,0.0174,0.0132,0.9311,45,13,5,15,14,7,3,9,9,3,12,0,204,21,22,2,0,1.7,6.8,5.5,59.3,6,4.7,6.7,4.9,4.5
5692.667,0.148,0,0.1065,2.3303,0,0.5389,0.1306,33.6811,0.0192,0.0136,0.8256,33,9,7,15,14,6,4,7,7,3,11,5,217,14,27,1,0,,,,,,,,,
5693,0.1361,1.0029,0.1566,2.267,0.0174,0.7132,0.1719,36.3712,0.0202,0.0135,1.0498,63,10,6,15,15,8,3,15,11,3,17,0,239,22,26,2,0,,,,,,,,,
5693.333,0.1517,1.9002,0.7216,2.9794,0.0074,1.986,0.1935,33.9896,0.0361,0.0127,1.5431,65,17,4,43,18,19,8,37,12,3,17,0,255,22,23,1,0,,,,,,,,,
5693.667,0.1262,1.025,0.5248,2.8413,0.0394,1.7661,0.2032,34.1887,0.027,0.0131,1.2931,60,11,5,17,17,16,4,18,13,3,14,0,200,14,26,2,0,2.6,4.9,4.8,64.7,7.6,3.7,3.9,4,3.8
5694,0.2629,0.7178,0.4111,2.7502,0,0.78,0.1921,34.9987,0.0279,0.0133,1.0591,45,11,6,17,17,14,5,21,16,3,17,0,210,17,28,0,0,,,,,,,,,
5694.333,0.1594,0.054,0.609,2.934,0,0.2733,0.2236,34.7024,0.0414,0.0136,0.9154,42,16,6,13,9,6,4,4,7,3,13,0,208,19,24,1,0,,,,,,,,,
5694.667,0.1006,0.2627,0.3806,3.5568,0,0.3672,0.2485,34.8785,0.0336,0.0138,0.8193,45,15,6,11,16,5,4,9,9,3,19,4,177,22,35,1,4,,,,,,,,,
5695.333,0.1111,0.6811,0.2971,2.5329,0,0.3287,0.1682,36.9801,0.035,0.0134,0.9614,36,9,6,8,12,3,3,6,9,2,15,0,208,23,23,1,3,,,,,,,,,
5695.667,0.1671,0.3988,0.7873,3.3687,0,0.7163,0.278,34.041,0.0369,0.0131,1.0919,51,19,4,12,13,14,7,11,11,4,24,0,191,23,38,1,0,,,,,,,,,
5696,0.2432,0,0.4965,3.2344,0,0.4327,0.207,32.5289,0.0306,0.0139,0.9362,37,17,6,7,11,9,5,4,8,3,19,0,174,19,44,2,0,5.6,4.2,4.1,63.1,7.2,4.3,4.4,4.5,2.6
5696.333,0.2196,0.5542,0.183,2.2065,0,0.1944,0.1317,36.7333,0.0133,0.0137,0.867,41,10,6,12,12,12,5,0,7,3,15,0,243,24,26,3,0,,,,,,,,,
5696.667,0.1401,0.6659,0.3572,2.7017,0,0.4798,0.1601,35.9163,0.0283,0.0135,0.913,36,16,6,17,12,10,4,7,10,3,18,0,218,21,26,1,0,,,,,,,,,
5697,0.1376,1.2258,0.2425,2.4445,0.009,1.366,0.1436,35.3529,0.0208,0.0129,1.3464,53,9,5,25,19,16,8,34,22,3,16,0,207,23,20,2,0,,,,,,,,,
5697.333,0.3102,0,0.2753,3.5555,0,0.2168,0.2197,31.4856,0.0333,0.014,0.8144,39,10,7,12,10,7,5,1,5,3,20,4,185,21,63,2,0,2.5,3.3,3,68.9,6.2,5.4,4.1,4.2,2.3
5697.667,0.2484,0.5564,0.4794,3.3945,0,0.417,0.2163,34.6989,0.0279,0.0135,0.888,43,14,7,17,16,5,3,9,9,3,14,0,179,21,42,2,3,,,,,,,,,
5698.333,0.1838,0,1.1192,5.069,0,0.3945,0.3816,31.8078,0.06,0.0143,0.9033,29,27,6,16,12,10,4,4,8,3,20,3,203,24,57,4,4,,,,,,,,,
5698.667,0.2147,0.6404,0.4826,3.7331,0.0099,0.2591,0.2763,34.1429,0.0428,0.0141,0.8197,43,17,6,12,18,5,5,1,10,4,24,0,995,2,29,3,0,,,,,,,,,
5699,0.1883,0,0.5045,3.7261,0,0.2877,0.3013,32.6066,0.0441,0.0141,0.8064,47,20,6,16,12,10,6,7,9,4,29,0,426,21,49,4,0,3.2,5.6,4.9,65.3,5.6,5.1,2.8,5.2,2.2
5699.333,0.4016,0.6123,7.1968,27.3615,0.0848,1.0557,2.2838,4.5448,0.3759,0.0225,1.5439,65,124,3,45,14,26,14,3,10,9,104,14,1214,0,262,14,17,,,,,,,,,
5699.667,0.421,0.7442,7.4679,27.8626,0.0386,0.9947,2.4167,4.3176,0.4375,0.0234,1.56,49,109,3,37,10,16,11,3,10,8,103,2,115,31,271,13,16,,,,,,,,,
5700,0.3424,1.5472,7.0047,24.1557,0.0415,1.1094,2.2536,8.4126,0.3894,0.0205,1.881,60,105,6,40,16,18,10,9,12,8,106,6,144,30,263,14,21,27.7,6.2,7,33.7,10.1,5.3,2.8,4.4,2.8
5700.333,0.3273,1.2313,6.2067,18.832,0.0404,1.6998,1.7683,11.6485,0.3134,0.0188,2.1509,23,87,5,45,14,26,14,18,17,8,105,3,187,31,208,11,9,,,,,,,,,
5700.667,0.2807,0.9032,7.4932,21.6795,0.0408,1.5731,2.3705,8.7665,0.3923,0.0187,2.1658,29,92,5,56,16,28,13,15,15,9,124,0,172,29,224,12,19,,,,,,,,,
5703.333,0.3757,0.5985,4.1243,14.8904,0.0156,0.7779,1.187,16.5903,0.2395,0.0174,1.6325,23,73,5,27,11,18,8,7,10,6,79,4,232,37,263,11,27,21,11.7,4.6,41.9,6.6,4.8,2.7,4,2.8
5703.667,0.4537,0,3.3941,14.0344,0,0.5519,1.1019,15.6745,0.2202,0.0177,1.4268,7,68,4,23,14,6,6,9,10,5,50,0,211,37,251,9,13,,,,,,,,,
5704,0.1442,0.2868,0.7791,3.6717,0,0.1702,0.3657,33.8501,0.0396,0.0143,0.7877,37,18,6,20,15,13,6,2,10,5,28,1,1055,1,22,4,0,,,,,,,,,
5704.333,0.2102,0,0.5149,3.7186,0,0.2981,0.3284,33.7849,0.0384,0.0143,0.7989,34,15,7,20,16,13,6,4,7,4,21,13,910,3,24,4,0,,,,,,,,,
5704.667,0.1961,0.0828,0.7093,3.8632,0,0.1867,0.356,33.5445,0.0423,0.0142,0.7922,33,23,8,20,18,12,5,8,9,4,28,8,760,10,31,5,0,2.5,4.7,2.6,70.9,5,3.4,3.6,3.6,3.6
5705,0.1864,0.209,0.8284,4.4292,0,0.1903,0.3864,32.3368,0.0437,0.0146,0.8084,36,22,7,14,14,4,4,6,7,4,27,0,293,24,63,3,0,,,,,,,,,
5705.333,0.2967,1.7521,3.5636,16.5164,0.0357,1.1718,1.0391,15.1872,0.1848,0.0182,2.0146,44,79,5,35,12,24,8,11,12,6,68,0,200,30,220,9,14,,,,,,,,,
5705.667,0.3822,2.8002,4.6787,23.6922,0.0943,0.7053,1.4221,9.8766,0.2865,0.0212,1.9576,54,105,6,24,12,27,10,14,14,7,82,9,697,18,258,12,16,,,,,,,,,
5706.333,0.3618,2.5622,5.7978,22.5291,0.0951,1.2001,1.7275,9.5333,0.3111,0.0205,2.3368,26,91,4,37,16,27,13,8,12,8,89,11,1010,7,229,12,11,27.9,20.8,7.1,21.9,8.2,4.3,2.9,4.1,2.8
5706.667,0.3085,1.9517,6.0356,24.198,0.1158,1.2111,1.9337,7.8479,0.3322,0.0218,2.3289,72,99,4,34,12,28,13,7,12,8,96,13,1080,3,218,13,13,,,,,,,,,
5707,0.402,1.9534,5.5852,23.6233,0.0955,1.0517,1.8514,7.7226,0.3102,0.0213,2.0922,50,98,6,45,14,24,11,13,13,8,93,23,1151,3,220,13,12,,,,,,,,,
5707.333,0.3791,1.4509,6.4877,20.8145,0.0488,0.9558,2.165,11.7324,0.3459,0.0186,1.7447,22,98,5,24,8,18,12,10,13,8,110,13,148,31,282,14,19,29.3,15.2,6.4,27.6,7,4.5,2.8,4.4,2.7
5707.667,0.3669,2.0158,6.2982,26.4411,0.0588,0.7681,1.9719,6.4749,0.3577,0.0224,1.7894,63,106,4,33,10,20,11,12,13,8,96,5,120,35,271,13,20,,,,,,,,,
5708,0.3631,1.4624,6.384,26.0343,0.059,0.7424,1.8785,8.1178,0.349,0.0224,1.7175,16,111,6,28,14,14,8,14,12,7,90,3,195,28,241,11,13,,,,,,,,,
5708.333,0.3382,0,0.4414,3.5496,0,0.1958,0.3113,31.423,0.0393,0.0143,0.7904,25,21,7,20,24,17,7,12,11,5,25,4,1854,0,9,7,0,3.5,5.2,3.9,69,4.5,3.2,4.2,4.2,2.3
5708.667,0.3485,1.7329,5.8359,20.1842,0.0423,1.3654,1.7522,11.8105,0.2819,0.0187,1.6135,1,92,6,30,16,30,11,10,12,8,96,6,208,29,228,11,13,,,,,,,,,
5709,0.3728,0.982,6.7165,19.387,0.0242,0.6617,2.1945,12.2494,0.3223,0.0189,1.5193,9,94,4,42,14,31,13,1,9,9,113,4,219,27,192,11,10,16.3,6.7,4.1,53.6,7.4,3.8,1.7,3.2,3.3
5709.333,0.3115,1.9558,6.3455,20.2754,0.0614,1.2455,1.9052,13.261,0.2832,0.0183,1.8969,4,98,8,32,12,23,11,10,13,8,97,7,240,28,221,10,9,,,,,,,,,
5709.667,0.3573,0.9507,8.3189,23.6478,0.029,1.2366,2.7559,6.6726,0.4199,0.0205,2.0046,30,98,8,33,11,29,15,3,11,10,135,4,183,29,207,10,10,20.6,10.8,6,40.4,6.3,4.8,2.8,4.9,3.4
5710,0.3337,1.5554,6.2461,18.4832,0.0474,1.1296,1.8859,13.5969,0.3084,0.0179,1.868,17,82,6,46,14,24,11,7,11,9,111,1,256,30,212,10,10,,,,,,,,,
5710.333,0.3364,1.3146,8.5304,23.6353,0.0401,1.0825,2.9294,6.3009,0.4312,0.0203,2.0106,12,112,5,30,10,30,16,4,11,11,151,2,173,28,209,11,8,25.8,11.5,6.5,32.4,7.8,5,3.4,5.2,2.3
5710.333,0.4022,1.8492,6.4928,22.4123,0.0423,0.9647,2.0925,10.6265,0.3071,0.0201,1.8209,7,93,5,32,11,22,12,7,11,8,102,7,182,31,234,11,20,,,,,,,,,
5710.667,0.3741,1.2172,6.7071,22.4474,0.0457,0.7133,2.1233,11.2626,0.3073,0.0201,1.5995,35,106,5,34,13,24,13,3,10,9,112,8,198,34,232,12,16,26,9.7,6.5,34.7,7.6,5,2.7,5.2,2.6
5710.667,0.3282,1.7716,7.7144,20.9055,0.0361,1.4346,2.3807,9.6728,0.3692,0.0188,2.116,36,85,5,36,13,31,14,9,13,9,116,5,193,31,213,9,12,,,,,,,,,
5711,0.4112,0.9572,6.8509,22.2023,0.078,0.8239,2.1892,9.2752,0.3413,0.0195,1.6734,0,103,5,32,11,19,12,5,11,9,110,12,902,8,225,12,9,,,,,,,,,
5711,0.3804,1.2405,5.5762,22.3309,0.0608,0.7558,1.8449,10.8764,0.3075,0.0207,1.427,19,108,6,28,15,20,10,3,10,7,89,7,313,28,263,12,13,,,,,,,,,
5711.333,0.3785,0.6715,6.6097,20.4053,0.3915,0.5316,2.1614,10.1948,0.2987,0.0212,1.3829,62,111,9,75,46,63,29,7,18,16,123,91,8300,0,9,28,0,26.4,10.9,6.8,31.1,9.7,6,2.7,3.1,3.3
5711.333,0.3498,1.2776,6.5247,22.8122,0.052,0.8897,2.1686,9.5464,0.32,0.0204,1.5338,27,108,4,31,11,28,14,5,11,9,112,4,251,27,243,13,12,27.8,9.4,7.1,29.5,10.2,5.2,2.8,3.4,4.6
5711.667,0.3159,1.5993,6.7979,20.4765,0.4539,0.6136,2.1593,11.2356,0.3199,0.0207,1.3812,35,118,10,85,58,77,34,11,31,17,112,119,11359,0,0,31,0,,,,,,,,,
5711.667,0.4027,0.7875,5.2349,26.0098,0.0659,1.0914,1.9055,7.886,0.3547,0.0222,1.458,0,126,8,41,13,29,13,6,11,8,94,5,739,15,335,14,22,,,,,,,,,
5712,0.3434,0.9577,5.433,23.7639,0.6819,0.4502,1.7002,8.0164,0.2917,0.0225,1.1819,32,121,10,72,50,65,29,12,23,14,74,122,10772,0,64,32,0,,,,,,,,,
5712.333,0.3354,1.3693,5.2487,23.7355,0.8036,0.5629,1.6269,8.4578,0.2843,0.0231,1.2605,57,134,6,72,45,58,29,6,14,14,83,110,9534,0,91,32,0,33.8,10.1,6,27.8,9.4,5.2,3.1,2.3,2.2
5712.667,0.3112,1.66,2.5113,19.0382,0.3161,1.9484,0.9615,14.805,0.1791,0.0205,1.0542,60,97,7,37,29,29,12,7,11,6,39,52,4054,0,148,17,8,,,,,,,,,
5713,0.3974,1.5182,3.3728,22.0272,0.1631,0.5486,1.1653,11.2521,0.2268,0.0222,1.5148,47,93,7,29,18,20,10,6,10,6,56,31,2327,0,201,14,10,,,,,,,,,
5713.333,0.3926,1.9995,2.9349,22.6825,0.3605,0.3313,1.0497,9.4326,0.1751,0.0229,1.5136,109,112,4,42,28,42,17,11,15,8,44,65,6083,0,132,19,0,,,,,,,,,
5713.667,0.4696,0.1612,3.8484,23.3547,0.047,0.5488,1.3714,9.2865,0.2125,0.0219,1.1254,40,105,8,24,10,7,6,1,7,6,66,4,239,30,203,9,9,34.2,15.3,3.7,22.8,8.9,6.6,2.3,2.7,3.3
5714,0.5099,0.3912,4.2288,26.6113,0.0586,0.6973,1.5172,5.9662,0.2485,0.0223,1.4555,60,109,3,24,11,7,6,6,9,6,70,4,155,32,241,10,15,,,,,,,,,
5714.333,0.3198,0.1135,3.5771,10.483,0,0.7885,1.0127,20.7012,0.2102,0.0154,1.509,0,50,6,28,12,27,11,7,11,8,97,11,251,24,165,10,13,,,,,,,,,
5714.667,0.1823,0,1.2774,4.3845,0.2072,0.7599,0.5192,32.0685,0.0649,0.0144,0.8978,38,18,7,29,25,28,10,8,11,5,25,36,3201,0,0,10,0,,,,,,,,,
5715,0.3078,0.352,1.72,6.6246,0,0.5178,0.6706,29.0529,0.0919,0.0146,0.9955,13,32,8,19,14,24,5,6,10,4,27,0,400,22,64,3,2,4,6.8,4.9,59.8,7.4,5.3,4.7,3.6,3.5
5715.333,0.2119,0.422,0.659,3.6181,0.0234,0.2187,0.3381,33.5168,0.0362,0.0143,0.8677,36,17,7,17,16,16,7,3,8,4,29,11,1527,0,1,5,0,,,,,,,,,
5715.667,0.1866,0.9116,0.9366,3.5497,0.1403,0.5024,0.3374,33.0699,0.0392,0.0146,0.8277,37,21,8,23,23,18,11,4,8,5,23,10,3171,0,0,10,0,,,,,,,,,
5716,0.2312,0.8304,0.4889,3.5662,0.0249,0.2689,0.2608,33.085,0.0345,0.0146,0.8912,41,21,5,16,19,13,7,2,6,4,20,4,1204,3,16,5,0,3.2,11.5,5.1,55.2,6.8,6.4,3.8,5.1,2.7
5716.333,0.1873,0.2575,0.7702,3.8486,0.046,0.1978,0.3377,33.2637,0.0417,0.0148,0.8206,59,17,6,30,22,25,8,11,11,5,34,16,2475,0,0,9,0,,,,,,,,,
5716.667,0.3873,0.2944,5.474,17.3031,0.5414,0.5513,1.6449,12.2125,0.2713,0.0186,1.559,25,82,9,85,62,82,40,2,13,18,103,144,13183,0,0,36,0,19,9.2,4.7,43.9,8.2,5.7,3.8,3.6,1.9
5717,0.2784,1.4702,2.5586,8.6576,0.0303,1.0127,0.607,25.7718,0.14,0.015,1.3205,6,42,4,29,20,23,11,5,10,6,45,13,1686,0,76,10,0,,,,,,,,,
5717.333,0.3413,0.5866,4.4145,17.9476,0.2807,0.5403,1.2485,12.853,0.2733,0.0192,1.7958,20,72,3,51,27,51,21,13,21,11,76,84,6083,0,51,21,0,,,,,,,,,
5717.667,0.2442,0.7796,4.1513,12.0349,0.0301,0.6969,1.0745,19.6121,0.2272,0.0157,2.0541,33,64,5,44,19,30,11,7,11,6,70,1,877,8,83,7,2,,,,,,,,,
5718,0.2998,1.062,2.6659,8.6275,0.0485,1.6388,0.749,22.6381,0.1625,0.015,1.6587,11,37,3,24,19,30,13,4,10,7,71,15,1674,0,63,8,0,7.5,18.8,4.8,47.1,6.7,3.7,2.9,5.7,2.8
5718.333,0.2089,0.2716,1.1684,5.1057,0,0.4256,0.426,31.3498,0.0673,0.0148,0.8891,23,24,6,19,18,24,10,5,10,5,35,3,1317,0,25,6,0,,,,,,,,,
5718.667,0.2242,0.108,1.296,4.7873,0,0.4614,0.4794,31.2676,0.0565,0.0155,1.0159,40,22,6,20,14,15,6,8,9,4,33,0,186,20,44,3,0,,,,,,,,,
5719,0.2717,2.644,8.7539,20.0366,0.1051,1.5682,2.2287,15.3483,0.3894,0.0185,2.0787,21,71,6,38,22,34,17,19,19,8,97,0,285,29,126,7,1,7.8,4.8,5.2,62.4,6.1,4.2,3.2,3.8,2.6
5720.333,0.1747,1.0838,0.4226,2.9944,0,1.365,0.2136,34.1013,0.0282,0.0144,1.4771,62,6,5,19,17,12,5,11,11,3,16,2,414,19,24,4,3,2,6.5,5.8,56.7,7.1,6.6,4.9,7.5,2.9
5720.667,0.1688,0.8353,0.6331,3.5835,0,1.1519,0.295,33.0302,0.0335,0.0155,0.8846,35,20,8,13,15,12,5,5,8,4,23,2,605,9,18,4,0,,,,,,,,,
5721,0.1854,0.5918,0.589,3.2623,0,0.5682,0.268,33.978,0.0286,0.0155,0.9131,54,18,6,16,12,13,5,7,9,3,20,7,338,16,25,3,0,,,,,,,,,
5721.333,0.1845,0.6053,0.6593,3.4872,0,0.4937,0.3136,34.639,0.039,0.0154,0.8525,46,17,6,14,13,7,5,6,8,4,23,0,259,22,29,2,0,,,,,,,,,
5721.667,0.097,0.2761,0.741,3.7378,0,1.229,0.2982,33.2663,0.0512,0.015,1.1159,27,21,7,22,13,17,6,10,10,4,28,0,252,20,24,2,3,,,,,,,,,
5722,0.1689,0.154,0.4032,2.7919,0,0.3525,0.1953,35.5278,0.0259,0.0148,0.8839,51,6,6,12,14,7,4,9,9,3,20,3,257,18,24,1,5,2,5.7,3.9,59.9,7.4,4.7,4.7,6.1,5.6
5722.333,0.1938,0.4903,0.4657,3.2195,0,0.5702,0.2466,35.3183,0.029,0.0153,0.8641,64,21,7,14,14,2,2,11,10,3,13,0,242,17,20,2,0,,,,,,,,,
5722.667,0.2468,0,1.0216,6.4238,0,0.5615,0.382,28.5448,0.0562,0.0167,0.8117,42,37,6,13,12,13,7,5,9,4,31,6,299,16,63,3,8,,,,,,,,,
5723,0.3081,0.025,1.5767,7.6181,0,0.4156,0.5434,27.3251,0.0954,0.0175,0.9403,34,40,6,18,12,9,7,7,10,4,35,0,285,20,80,4,1,,,,,,,,,
5723.333,0.3013,0.6078,1.7703,8.744,0.0233,0.6208,0.5876,26.823,0.104,0.0174,0.9132,35,40,6,17,14,10,6,10,10,4,36,13,536,18,89,5,5,13.5,6.3,3.1,55.1,8.2,3.7,2.4,4.5,3.3
5723.667,0.3304,0.5715,3.0636,15.082,0.0191,0.8362,1.0085,16.6879,0.2018,0.0188,1.4653,10,64,6,19,12,13,7,15,13,6,64,5,233,20,133,7,14,,,,,,,,,
5724,0.2886,0.9413,2.701,10.7848,0.0122,0.6973,0.8027,23.6021,0.1509,0.0176,1.225,12,51,5,16,15,13,7,18,13,5,50,0,483,21,106,4,7,,,,,,,,,
5724.333,0.3599,0.8087,3.0639,14.7445,0.022,0.7127,0.9755,18.9085,0.1948,0.0196,1.1335,6,72,4,11,10,13,6,8,10,5,55,13,328,18,137,8,15,13.2,5.7,3,54.4,7.6,5.3,3.8,4.4,2.7
5724.667,0.2779,0.7621,2.5182,11.2536,0,0.8972,0.7486,22.4231,0.1849,0.0177,1.368,21,40,7,13,15,5,4,14,12,4,28,0,244,19,49,4,3,,,,,,,,,
5725,0.2281,0.8742,1.0525,4.7007,0,0.4173,0.3437,31.9285,0.0568,0.016,0.7437,30,26,7,13,9,7,3,10,10,3,26,0,227,23,49,3,0,,,,,,,,,
5725.333,0.2641,0.729,2.0732,6.999,0,0.4743,0.5462,28.6072,0.111,0.0159,1.107,12,32,5,19,19,19,8,6,10,5,41,0,230,24,77,4,3,,,,,,,,,
5725.667,0.2317,0.6401,1.3068,5.7377,0,0.3849,0.3894,30.9332,0.0759,0.0167,0.8561,37,32,7,16,16,13,5,5,8,4,27,0,226,20,51,3,0,6.1,6,5.3,63.2,6.3,3,3.3,3.1,3.7
5726,0.2897,0.017,2.0708,7.6604,0,0.4719,0.6239,24.4669,0.1247,0.0162,1.1256,16,34,5,14,17,6,5,16,12,4,38,6,259,20,78,4,6,,,,,,,,,
5726.333,0.1515,0,0.8722,4.6699,0,0.5971,0.3274,32.1259,0.0451,0.0152,1.0226,36,21,5,22,12,6,5,9,10,3,21,0,247,17,47,2,0,,,,,,,,,
5726.667,0.1877,0.1874,0.9318,5.1944,0,0.4322,0.4174,30.8839,0.0638,0.0155,0.8832,33,24,7,10,9,8,5,8,10,3,21,2,375,12,41,2,2,,,,,,,,,
5727,0.1631,0.4713,0.7251,4.7276,0,0.3611,0.3253,32.9885,0.0517,0.0153,0.8228,39,25,7,16,16,10,6,10,11,4,24,7,378,14,42,1,7,8.2,6.8,5,59.8,5.9,3.5,3.6,3.1,4.1
5727.333,0.2566,0.3431,1.322,6.078,0,0.4955,0.4209,30.0566,0.0746,0.0153,0.8924,25,28,7,14,14,14,7,10,11,5,48,6,376,21,111,7,15,,,,,,,,,
5727.667,0.2167,0.4288,1.1235,5.4634,0.0041,0.3779,0.4292,31.0064,0.0753,0.0155,0.8897,32,28,6,17,18,20,6,8,10,4,30,0,440,14,52,5,0,,,,,,,,,
5728,0.2431,0.8382,2.1245,8.501,0,0.6081,0.6319,26.326,0.1298,0.0163,1.1343,5,40,6,21,14,20,12,9,12,5,54,5,442,19,96,6,9,,,,,,,,,
5728.333,0.3379,0.5143,2.7939,10.1509,0,0.7555,0.818,23.1315,0.1688,0.0167,1.2942,15,44,5,22,13,16,7,11,11,5,51,1,285,17,95,5,11,,,,,,,,,
5728.667,0.3018,0.4506,2.9613,11.3301,0.0054,0.7822,0.8042,22.3443,0.1773,0.0176,1.2546,16,47,6,23,13,12,7,5,9,5,53,15,208,19,127,6,12,12.4,6.6,4,53.5,6.6,4.6,3.7,5.4,3.1
5729,0.283,0.6609,1.6749,5.7503,0,0.4494,0.4328,30.3122,0.0829,0.0156,0.9195,24,27,6,18,16,14,6,9,10,4,32,5,227,18,59,3,7,,,,,,,,,
5729.333,0.2741,0.8428,2.7329,7.9893,0,0.8669,0.5817,26.6572,0.1217,0.0162,1.1289,5,38,7,13,13,10,6,13,11,4,34,0,220,18,56,6,0,,,,,,,,,
5729.667,0.2461,0.8751,3.0761,7.9291,0,0.6344,0.6235,27.1165,0.1416,0.016,1.1462,4,33,4,23,17,20,6,13,12,4,35,15,234,19,73,5,16,,,,,,,,,
5730,0.1939,0.5884,0.3741,2.8925,0,0.2248,0.2239,36.1735,0.0297,0.0143,0.7919,46,12,8,10,14,7,5,5,7,3,18,2,235,11,21,3,0,2.4,8.8,5.2,62,6.6,4.2,3.2,4.4,3.2
5730.333,0.1981,0.632,0.6313,3.4534,0,0.4245,0.3214,34.1159,0.0386,0.0144,0.8348,26,18,7,14,12,9,5,10,10,4,22,0,214,13,27,3,1,2.4,6.1,4.8,64,5.7,4.9,4.5,3.8,3.8
5730.667,0.1318,0.4511,0.1296,1.9414,0,0.1798,0.0904,37.3221,0.0126,0.0141,0.7621,44,12,7,11,12,10,4,4,9,3,13,0,227,14,16,0,0,,,,,,,,,
5731,0.2162,1.25,0.043,1.7831,0,0.1674,0.0695,37.1341,0.0147,0.0137,0.7515,46,7,8,16,15,10,5,9,9,2,6,11,332,12,16,3,2,,,,,,,,,
5731.333,0.1872,0.6226,0.014,1.7572,0,0.0825,0.0614,36.499,0.0128,0.0138,0.7586,38,3,8,10,15,4,4,12,11,3,11,0,277,10,12,0,0,,,,,,,,,
5731.667,0.2108,1.0132,0.0169,1.7583,0,0.1361,0.0741,37.5166,0.0113,0.0143,0.7333,38,10,9,15,14,11,5,4,8,2,8,0,277,12,12,2,1,,,,,,,,,
5732,0.1344,0.9141,0.0057,1.8154,0,0.3104,0.0853,36.5702,0.0121,0.0137,0.7389,43,11,7,22,15,9,4,0,7,3,12,0,397,10,10,1,0,0.8,3.7,4.3,66.5,7,3.9,2.9,7.4,3.4
5732.333,0.2026,0.8422,0.0412,1.7956,0,0.1989,0.0774,37.917,0.0108,0.0139,0.7163,38,8,7,8,17,5,4,1,8,2,7,4,261,7,11,0,0,,,,,,,,,
5732.667,0.1162,0.2865,0.0711,1.8248,0,0.1945,0.0785,37.5941,0.0103,0.0141,0.7144,37,12,8,16,14,12,4,2,7,2,5,8,271,8,15,3,3,,,,,,,,,
5733,0.1523,1.1218,0.0512,1.8723,0,0.3317,0.0954,38.0513,0.0163,0.0141,0.726,55,10,7,5,13,10,4,4,7,3,12,0,310,10,15,0,0,,,,,,,,,
5733.333,0.1888,0.6987,0.1421,1.9545,0,0.3603,0.1111,36.5161,0.0134,0.0136,0.7786,41,6,8,7,12,5,5,6,9,3,13,0,304,10,17,0,0,,,,,,,,,
5733.667,0.2175,1.1961,0.2341,2.19,0,0.4303,0.1395,36.6748,0.0183,0.0138,0.7951,45,8,7,13,13,13,4,4,7,3,7,0,334,4,10,2,0,,,,,,,,,
5734,0.1777,0.5026,0.1144,2.0671,0,0.4084,0.115,36.0977,0.019,0.0138,0.8153,43,5,6,10,11,13,6,4,9,3,12,0,356,9,13,1,0,1,6.7,4.1,64.1,5.2,4.4,4.4,6.5,3.8
5734.333,0.2384,1.2981,0.1035,2.0096,0,0.429,0.1205,36.4252,0.0167,0.0139,0.7701,40,15,6,15,14,9,5,5,10,3,11,0,344,11,9,0,0,,,,,,,,,
5734.667,0.2083,0.9399,0.0935,1.9044,0,0.3311,0.0961,36.8391,0.0151,0.0139,0.7576,36,15,6,19,15,14,5,7,10,3,9,5,342,4,14,2,0,,,,,,,,,
5735,0.1881,0.1442,0.0349,1.8984,0,0.2238,0.0989,36.1324,0.012,0.0136,0.7816,34,7,8,13,14,7,4,8,9,2,6,0,329,6,12,1,0,,,,,,,,,
5735.333,0.1906,0.4264,0.0344,1.8978,0,0.2957,0.0944,36.0206,0.0136,0.0136,0.8133,42,9,8,12,11,6,4,9,9,3,10,0,347,10,12,1,0,,,,,,,,,
5735.667,0.2384,0.829,0.0542,1.8963,0,0.2386,0.1019,36.2086,0.0154,0.0136,0.8196,40,8,7,9,15,5,2,12,9,3,12,0,352,11,14,1,1,1.9,5.9,5.2,62.1,6,5.4,4.8,5.1,3.7
5736,0.1862,0.9224,0.0762,2.0971,0,0.2678,0.1397,36.1825,0.0179,0.0136,0.8389,36,9,7,19,13,9,4,8,8,3,12,3,345,7,14,2,4,,,,,,,,,
5736.333,0.1336,0.9277,0.0464,2.0583,0,0.2634,0.1271,36.3781,0.0159,0.0135,0.8519,43,11,7,15,15,0,3,5,6,3,12,9,315,13,14,0,0,,,,,,,,,
5736.667,0.2201,0.7805,0.251,2.4015,0,0.2482,0.1565,35.6649,0.0176,0.0137,0.8254,40,9,7,12,14,11,5,9,10,3,14,0,323,11,15,2,0,,,,,,,,,
5737,0.2066,1.0451,0.1575,2.2807,0,0.1895,0.1491,34.7998,0.0201,0.0135,0.8389,41,8,8,16,18,11,3,8,8,3,15,4,321,7,15,2,0,,,,,,,,,
5737.333,0.2096,1.5953,0.1127,2.2641,0,0.1964,0.1643,35.1416,0.0181,0.0137,0.8398,48,9,8,13,16,1,4,7,8,2,8,0,295,11,15,2,2,2.6,7.1,2.9,62.9,7.1,4.2,6,4.4,2.7
5737.667,0.2366,0.9065,0.0219,1.8874,0,0.2376,0.0983,36.7914,0.0133,0.014,0.7551,43,6,6,11,14,4,4,0,6,3,16,0,301,9,15,1,3,,,,,,,,,
5738,0.1518,0.3195,0.0388,1.821,0,0.2056,0.0755,36.6178,0.0093,0.0135,0.7548,38,7,8,12,17,2,3,6,9,2,7,0,311,11,8,0,0,,,,,,,,,
5739.333,0.1598,0.9905,0.1784,2.3252,0,0.232,0.1628,36.5485,0.0212,0.0136,0.7751,29,11,7,17,18,8,5,5,8,3,15,0,334,8,13,1,0,,,,,,,,,
5739.667,0.1574,0.6668,0.2517,2.7687,0,0.2612,0.1963,35.5559,0.0255,0.0138,0.7775,41,16,8,8,17,3,3,7,9,3,17,0,357,7,17,2,0,,,,,,,,,
5740,0.1786,0.3951,0.229,2.6243,0,0.2278,0.1897,34.3772,0.0218,0.0138,0.7486,31,14,7,12,16,0,3,4,8,2,13,0,291,6,9,0,0,2,6.6,4.1,64,4.9,3.8,3.3,6.5,4.9
5740.333,0.166,0.4386,0.1509,2.3057,0,0.2367,0.1362,36.1733,0.0126,0.0137,0.778,25,10,7,12,18,11,5,3,7,3,14,2,303,12,15,0,1,,,,,,,,,
5740.667,0.0981,0.8713,0.1377,2.157,0,0.1948,0.1209,36.3944,0.0115,0.0135,0.7161,39,9,8,4,15,8,5,5,9,3,14,0,285,6,14,2,0,,,,,,,,,
5741,0.1663,0.6746,0.0617,1.9567,0,0.1593,0.0991,37.4664,0.013,0.0137,0.7464,60,7,7,12,14,7,4,0,7,3,13,0,290,11,15,2,0,,,,,,,,,
5741.333,0.1551,0.2785,0.1394,2.1316,0,0.1748,0.1207,36.2985,0.0147,0.0137,0.7143,35,9,7,13,15,11,3,6,7,3,20,0,305,11,14,0,0,,,,,,,,,
5741.667,0.1589,1.0237,0.0291,1.8639,0,0.2285,0.0946,37.7067,0.0145,0.0136,0.741,42,9,8,17,17,10,3,3,8,3,6,0,282,8,13,1,0,1.3,4.7,5.1,61.3,5.4,5.4,4.8,6.9,5.2
5742,0.1635,0.6202,0.1099,1.8815,0,0.1986,0.0961,37.3271,0.0117,0.0138,0.7575,45,16,7,18,18,10,5,5,9,3,4,6,365,12,13,1,0,,,,,,,,,
5742.333,0.1269,1.107,0.0596,1.8209,0,0.2282,0.0832,38.0339,0.0087,0.0137,0.7725,45,7,7,23,17,6,3,10,9,3,10,0,278,6,12,0,1,,,,,,,,,
5742.667,0.2076,0.3713,0.0052,1.7787,0,0.2799,0.0837,36.6629,0.0101,0.0136,0.8229,33,5,8,15,13,21,1,12,9,2,7,0,285,7,14,1,3,,,,,,,,,
5743,0.1207,0.5449,0.216,2.5415,0,0.3898,0.1706,35.2109,0.0194,0.0138,0.8022,33,10,7,4,8,11,3,6,9,3,13,3,338,8,17,2,0,,,,,,,,,
5743.333,0.1996,0.41,0.1238,2.2655,0,0.2589,0.1381,35.3962,0.0214,0.0137,0.809,38,12,7,12,12,7,4,8,10,3,8,0,253,9,15,1,0,1.6,3.7,4.8,64.6,6.9,5,4.4,4,4.9
5743.667,0.1846,1.0242,0.0781,2.3552,0,0.2101,0.1326,36.2556,0.0171,0.0136,0.7782,34,10,8,12,17,7,5,7,10,3,12,3,278,13,20,0,2,,,,,,,,,
5744,0.2099,0.8739,0.675,3.2945,0,0.4799,0.1796,33.6207,0.0507,0.014,0.9006,29,18,6,17,13,11,5,7,9,3,16,2,269,10,36,2,3,,,,,,,,,
5744.333,0.1183,0.3389,0.3863,2.7413,0,0.1816,0.1687,36.1283,0.0256,0.0139,0.7821,32,15,7,11,14,0,3,7,8,3,11,4,252,11,25,3,5,,,,,,,,,
5744.667,0.1842,0.6083,0.1753,2.6725,0,0.1939,0.175,35.7163,0.0231,0.014,0.7848,37,11,8,12,17,17,5,5,8,3,16,0,276,13,20,1,4,,,,,,,,,
5745,0.2458,1.1026,0.1968,2.4654,0,0.1824,0.1631,35.7951,0.0201,0.0138,0.7567,34,11,8,5,15,4,5,6,10,3,17,0,256,10,25,3,0,2.2,6.2,6,59,6.6,4.6,4.1,6.6,4.5
5745.333,0.1881,0.3052,0.5135,2.8402,0,0.2284,0.1897,33.8296,0.021,0.014,0.8099,40,17,6,5,12,6,3,4,8,3,17,6,249,10,21,1,2,,,,,,,,,
5745.667,0.2978,0.8581,2.5569,7.1131,0,1.8047,0.7321,21.7593,0.2029,0.0144,1.6995,0,29,8,43,22,22,11,28,12,6,73,10,258,19,133,7,41,,,,,,,,,
5746,0.2271,1.628,0.1674,2.3268,0,0.2356,0.1484,33.7365,0.0177,0.0138,0.8282,47,10,7,12,16,0,4,4,8,2,12,5,251,8,24,1,7,,,,,,,,,
5746.333,0.2093,2.3801,0.1781,2.3743,0,0.2052,0.1713,34.009,0.0187,0.0139,0.8025,55,13,6,7,13,13,4,5,7,2,11,2,235,8,18,2,4,,,,,,,,,
5746.667,0.3042,2.7238,0.2405,3.1523,0,0.1957,0.205,33.0901,0.0283,0.0142,0.8235,52,23,7,15,13,5,3,4,10,3,17,2,231,14,33,1,4,,,,,,,,,
5747,0.5766,9.5171,0.35,2.6991,0,0.5409,0.2324,25.6812,0.0388,0.0144,1.1483,81,30,3,10,11,4,3,2,5,2,15,5,261,6,16,3,10,1.8,41.2,4,30.3,5.3,3.8,3.7,6.2,3.7
5747.333,0.6976,10.7942,0.3652,2.6881,0,0.721,0.225,23.8526,0.0326,0.0153,1.1467,96,36,5,5,7,7,4,0,5,2,16,0,268,6,15,3,1,,,,,,,,,
5747.667,0.2614,1.5477,0.2127,2.2666,0,0.2142,0.1446,34.5411,0.0198,0.0139,0.8209,35,12,4,9,12,0,3,1,3,2,11,1,227,7,20,0,2,,,,,,,,,
5748,0.2336,1.3389,0.3243,2.9065,0,0.1958,0.1814,34.8367,0.0275,0.0137,0.761,38,14,7,13,15,10,4,9,8,3,21,0,266,13,24,2,5,,,,,,,,,
5749.333,0.117,0.8852,0.2048,2.535,0,0.2807,0.1704,35.676,0.0248,0.0137,0.766,44,12,6,8,11,10,3,3,8,2,12,2,314,7,17,1,3,,,,,,,,,
5749.667,0.1843,1.9032,0.0566,1.9964,0,0.1607,0.1301,37.9393,0.0175,0.0135,0.6388,56,11,8,14,15,10,5,2,5,3,11,5,606,1,4,2,0,1.9,7.6,4,61.4,6.7,5.4,3.7,5.6,3.7
5750,0.1557,1.0538,0.2067,2.2579,0,0.3967,0.1402,37.5834,0.0229,0.0139,0.7054,48,17,8,15,11,12,6,8,10,3,10,0,660,0,2,3,0,,,,,,,,,
5750.333,0.154,0.4999,0.1868,2.2742,0,0.2571,0.1491,34.964,0.0227,0.0136,0.7983,34,7,6,16,17,13,5,4,8,3,13,0,459,7,11,1,0,,,,,,,,,
5750.667,0.1853,1.6687,0.0825,1.8875,0,0.1897,0.0874,37.1595,0.0159,0.0142,0.747,50,16,8,18,20,4,3,3,7,3,12,3,644,2,4,0,0,,,,,,,,,
5751,0.2143,0.8201,0.6799,3.081,0,0.9728,0.249,32.5499,0.0616,0.0135,0.9846,21,14,8,11,14,10,3,2,8,3,16,0,405,5,16,1,1,,,,,,,,,
5751.333,0.1601,1.4286,0.2127,2.2285,0,0.2393,0.1367,35.754,0.0163,0.0138,0.7672,44,10,7,12,14,6,3,0,2,2,10,6,326,8,15,2,0,2,5,3.6,65.9,6.6,5.1,4,3.4,4.5
5751.667,0.2236,0.8213,0.1797,2.1722,0,0.233,0.1163,35.6578,0.0143,0.0136,0.8036,33,11,8,9,17,5,5,2,4,3,12,0,305,9,14,0,0,,,,,,,,,
5752,0.1624,0.7381,0.064,2.0636,0,0.2002,0.1151,36.8027,0.011,0.0137,0.7525,40,12,7,8,16,6,5,3,9,3,13,5,318,10,15,2,6,,,,,,,,,
5752.333,0.185,1.9144,0.1858,2.1997,0,0.2135,0.1308,35.618,0.0236,0.0136,0.8234,51,14,8,11,15,3,2,6,5,3,12,0,307,4,17,1,0,,,,,,,,,
5752.667,0.1881,0.8684,0.1355,2.2501,0,0.2726,0.141,35.5381,0.0157,0.0136,0.7759,33,7,7,12,13,9,5,1,8,2,15,5,305,12,20,0,5,,,,,,,,,
5753,0.1671,1.1353,0.1434,2.1824,0,0.1877,0.1372,36.8116,0.0152,0.0136,0.7492,35,10,7,10,11,0,3,8,9,3,13,5,302,11,18,0,3,1.9,6.5,6.3,61.6,5.6,5.4,4.8,3.7,4.2
5753.333,0.2517,0.9877,0.0959,2.1497,0,0.1663,0.1329,34.9775,0.0138,0.0137,0.7527,34,11,8,16,14,2,3,5,7,2,8,9,286,12,13,1,0,,,,,,,,,
5753.667,0.1638,1.115,0.2242,2.3792,0,0.2788,0.1518,35.9429,0.0206,0.0137,0.7624,38,8,8,15,13,3,2,10,9,3,11,0,264,11,21,3,0,,,,,,,,,
5754,0.2282,2.3216,0.4664,2.5948,0,0.7737,0.1819,33.7747,0.0248,0.0137,0.8543,52,11,8,17,18,3,5,7,8,3,14,4,302,7,20,2,2,,,,,,,,,
5754.333,0.2361,2.0842,0.2021,2.1082,0,0.2599,0.1264,35.1538,0.0154,0.0137,0.7613,46,11,8,12,12,7,3,2,8,3,8,5,275,6,20,0,2,,,,,,,,,
5754.667,0.2505,2.0662,0.1168,2.0307,0,0.3246,0.1251,35.4679,0.0109,0.0138,0.7903,40,14,7,18,13,10,5,8,9,3,10,0,320,8,11,2,0,1.6,11.2,3.8,58.6,5.7,6.3,4.6,4.8,3.5
5755,0.2948,2.557,0.1998,2.3607,0,0.3928,0.1626,32.442,0.0176,0.0137,0.8747,38,17,7,17,15,4,3,8,10,3,11,11,327,8,17,1,5,,,,,,,,,
5755.333,0.4379,6.2169,0.115,2.3511,0,0.3871,0.1307,29.0535,0.0229,0.0141,0.8502,65,21,7,7,11,6,3,4,6,2,12,2,256,5,18,2,5,,,,,,,,,
5755.667,0.423,5.8783,0.1843,2.3461,0,0.3129,0.1578,30.114,0.0171,0.0143,0.8622,57,28,5,9,11,3,4,5,8,2,10,4,245,7,16,2,0,,,,,,,,,
5756,0.4801,7.0224,0.2214,2.3321,0,0.3709,0.15,29.7374,0.0183,0.0144,0.8887,57,24,7,7,9,3,1,8,7,2,12,2,205,6,18,2,2,,,,,,,,,
5756.333,0.4578,6.6047,0.2223,2.3963,0,0.2756,0.1522,28.7839,0.0235,0.0144,0.89,56,23,6,10,9,0,1,2,6,2,11,0,218,5,15,2,0,1.5,31.7,3,41.1,4.4,4.4,4.6,5.4,3.8
5756.667,0.4128,5.4028,0.1587,2.3312,0,0.231,0.139,29.364,0.0151,0.0142,0.9269,61,17,6,5,13,2,2,6,7,2,9,8,210,4,11,0,0,,,,,,,,,
5757,0.4536,6.5525,0.226,2.1925,0,0.8458,0.1246,29.2996,0.0229,0.0142,0.8586,77,24,5,7,11,0,3,6,8,2,16,8,259,6,25,2,2,,,,,,,,,
5757.333,0.6007,9.7877,0.1531,2.4143,0,0.218,0.1331,25.516,0.0222,0.0154,0.8441,85,40,6,9,6,0,1,0,2,2,12,0,192,7,17,2,0,,,,,,,,,
5757.667,0.5681,9.7139,0.0826,2.2327,0,1.363,0.1071,24.0139,0.0199,0.0156,0.7192,81,41,7,0,6,0,1,2,7,2,13,0,224,4,14,1,0,,,,,,,,,
5758.333,0.5535,10.6513,0.1793,2.2802,0,0.4055,0.1368,25.5971,0.0288,0.0153,0.8013,92,38,5,3,7,0,0,0,5,2,10,1,218,2,11,2,3,1.8,55.7,2.7,23.4,4.1,2.3,3,3.6,3.4
5758.667,0.6045,9.5025,0.2076,2.3944,0,0.2981,0.1502,25.1322,0.0193,0.0151,0.8928,71,34,6,2,3,5,3,3,6,2,13,0,201,6,15,2,1,,,,,,,,,
5759,0.436,6.1647,0.0887,2.2213,0,0.2221,0.1421,30.6672,0.0268,0.0143,0.8852,67,25,6,11,10,3,4,3,6,2,9,2,220,10,15,1,0,,,,,,,,,
5759.333,0.3357,3.9871,0.2837,2.4331,0,0.213,0.1679,32.3476,0.0203,0.0137,0.8903,40,19,6,6,11,10,3,6,7,3,11,3,251,13,18,1,14,,,,,,,,,
5759.667,0.2709,3.0856,0.2741,2.3123,0,0.1667,0.1594,33.5944,0.0212,0.0136,0.8709,48,16,7,15,11,15,4,5,7,3,14,0,250,4,20,2,0,,,,,,,,,
5760,0.6396,10.8724,0.1748,2.4573,0,0.4393,0.1191,23.6713,0.0234,0.0154,0.9733,104,43,5,4,4,0,2,0,6,2,9,6,203,4,21,0,6,,,,,,,,,
5760.333,0.5609,9.0597,0.2347,2.8053,0,0.5715,0.1808,22.8701,0.0298,0.0153,0.9997,66,38,5,3,8,3,2,1,5,2,17,6,188,14,30,3,1,2,57.6,2.8,19.3,3.8,3.5,3.1,4.9,3.1
5760.667,0.6453,11.3777,0.1029,2.8466,0,0.7042,0.1663,22.2666,0.0336,0.016,0.7659,94,52,5,4,8,0,2,0,3,2,13,2,307,4,22,2,2,,,,,,,,,
5761,0.6336,12.1352,0.2414,2.6302,0,0.7513,0.223,21.756,0.0333,0.0161,0.7834,96,49,7,6,6,0,0,0,5,2,15,2,365,1,11,1,0,,,,,,,,,
5761.333,0.6258,10.6132,0.4532,3.8847,0,0.5575,0.1938,20.6515,0.0483,0.0162,0.7936,74,53,6,9,4,0,1,2,7,2,17,8,418,5,55,4,2,,,,,,,,,
5761.667,0.5651,11.0366,0.3771,3.4776,0,0.4561,0.2129,21.233,0.0385,0.0161,0.8971,90,54,5,0,2,1,3,0,5,2,17,3,382,1,25,4,4,,,,,,,,,
5762,0.6,10.4739,0.4782,3.6095,0,0.9078,0.3125,20.1013,0.0475,0.0159,1.1862,93,53,6,6,7,4,3,2,7,2,17,0,270,6,23,3,0,,,,,,,,,
5762.333,0.5443,9.8612,0.5324,3.4433,0,0.4332,0.2542,21.3034,0.0437,0.0159,1.0555,96,50,4,2,4,4,3,2,6,2,19,0,235,3,29,3,4,,,,,,,,,
5762.667,0.4762,9.9864,0.8829,3.9856,0,0.4616,0.4378,20.0422,0.0603,0.0162,0.995,83,54,6,4,3,5,4,4,7,3,26,2,572,1,17,4,4,,,,,,,,,
5763,0.5902,11.0477,0.6104,3.5401,0,0.7839,0.3359,20.7025,0.0527,0.0158,0.9503,79,40,5,10,8,4,3,0,4,2,22,8,253,10,23,4,1,,,,,,,,,
5763.333,0.469,6.9377,0.6772,3.2444,0,0.8245,0.2535,25.4048,0.0394,0.0145,0.994,57,34,6,9,10,4,4,4,7,3,20,6,233,10,23,3,0,,,,,,,,,
5763.667,0.5095,7.949,0.4441,2.8796,0,0.4209,0.2502,26.1569,0.033,0.0151,0.8741,62,38,5,6,12,0,4,0,6,2,12,0,192,10,17,1,0,1.7,43.1,2.9,33.5,4.2,3.1,3.2,5.5,2.7
5764,0.3146,0.4283,1.0781,4.3238,0,1.0575,0.2784,28.7538,0.0724,0.0142,0.905,22,21,7,7,8,5,4,2,8,3,13,2,273,8,30,2,0,,,,,,,,,
5764.333,0.2242,1.7108,1.0831,5.8081,0,0.7534,0.332,29.0403,0.1107,0.0148,1.0238,34,36,6,21,16,13,8,17,15,5,52,7,192,23,182,8,21,,,,,,,,,
5764.667,0.1415,0.5565,0.0435,1.9933,0,0.1895,0.0899,37.4104,0.0115,0.0136,0.7854,46,7,8,9,12,4,4,3,7,3,8,0,305,7,14,0,0,,,,,,,,,
5765,0.1441,0.6525,0.107,2.5214,0,0.2048,0.1148,36.0745,0.0195,0.0137,0.7735,36,10,8,16,19,32,4,8,10,3,12,0,256,8,24,3,0,,,,,,,,,
5765.333,0.2432,0.1631,0.1401,2.3023,0,0.2546,0.1401,35.305,0.0219,0.0136,0.76,31,17,7,16,17,5,3,5,9,3,11,0,280,11,23,3,3,1.8,6.3,4.5,60.3,7.7,4.7,6.3,4.8,3.6
5765.667,0.189,0.6289,0.2147,2.4446,0,0.1965,0.1334,34.3918,0.0153,0.0136,0.7453,35,9,7,16,13,6,2,1,5,2,13,0,283,8,17,2,0,,,,,,,,,
5766,0.169,0.5105,0.1395,2.1269,0,0.1817,0.1247,35.9746,0.0165,0.0137,0.7892,40,11,8,16,19,5,3,4,9,3,13,0,277,13,20,2,0,,,,,,,,,
5766.333,0.2704,1.8665,0.3606,2.8379,0,0.253,0.1592,32.4482,0.0232,0.014,0.783,44,17,7,21,16,11,7,7,9,4,35,0,233,14,94,5,6,,,,,,,,,
5766.667,0.4458,6.6302,0.6396,4.0378,0,0.3642,0.3854,25.9823,0.0506,0.0148,0.8861,61,34,7,10,8,7,5,7,9,3,30,0,216,12,36,3,2,,,,,,,,,
5767,0.4953,7.8221,0.9068,4.867,0,0.7047,0.4356,23.9515,0.0665,0.0154,0.9595,58,47,5,4,14,8,3,6,7,3,26,7,212,11,39,4,0,3,44.6,3.9,29.1,4.1,3.2,4.1,3.4,4.8
5767.333,0.3555,3.2126,1.9275,9.9272,0.0195,0.3871,0.5012,22.4886,0.1379,0.0158,1.9235,54,54,6,19,13,22,5,4,7,4,37,0,263,21,97,5,8,11,17.6,3.3,50,5.7,2.9,3.9,3.5,2.1
5767.667,0.1785,0.765,1.4475,6.8286,0.0526,0.3107,0.3687,30.9293,0.083,0.0149,0.9431,44,35,6,16,12,15,4,2,8,3,22,7,252,20,68,3,2,,,,,,,,,
5768,0.2094,0,0.8632,4.0871,0.0864,0.2408,0.3117,33.5855,0.0516,0.0135,0.8565,42,19,7,12,20,12,5,6,8,4,24,0,566,8,30,2,0,,,,,,,,,
5768.333,0.2382,1.6201,7.0109,16.9652,0.1159,1.7958,1.7467,15.5668,0.3302,0.016,2.5295,40,69,6,50,19,34,15,26,13,9,105,0,255,30,129,10,7,,,,,,,,,
5768.667,0.461,1.2826,10.3915,25.2518,0.0211,0.7093,3.0783,3.8783,0.4892,0.0213,2.1609,58,110,9,41,14,40,19,11,16,11,152,10,316,22,160,11,4,,,,,,,,,
5769,0.2834,0.8334,1.3344,4.8148,0.1274,0.3401,0.3677,31.97,0.0604,0.0147,0.8613,39,26,7,18,20,16,5,0,7,4,23,3,1060,5,19,3,0,,,,,,,,,
5769.333,0.2505,0.3205,0.566,3.4918,0,0.2198,0.2468,35.1973,0.0394,0.014,0.7723,39,19,8,21,15,17,6,0,7,4,21,3,1163,0,14,3,2,,,,,,,,,
5769.667,0.4176,2.0848,1.9187,7.5481,0,0.4055,0.6241,22.211,0.1146,0.0147,2.1341,57,43,7,13,9,11,5,5,10,4,23,8,399,13,31,3,0,3.2,4.7,3.3,70.6,5.2,3.4,2.5,3.6,3.5
5770,0.1502,0.344,0.6122,3.517,0,0.1933,0.2696,35.4539,0.0416,0.0142,0.7519,44,14,8,21,21,9,5,8,9,4,20,19,1367,0,0,4,0,,,,,,,,,
5770.333,0.3121,1.4989,7.3993,21.5198,0.082,1.2246,2.005,10.5482,0.3846,0.019,2.1191,41,99,6,46,13,30,15,4,11,9,112,7,229,31,203,10,15,,,,,,,,,
5770.667,0.3992,3.9466,4.8944,15.3206,0.0765,0.9658,1.2227,14.4046,0.268,0.017,2.6306,54,72,7,37,12,22,11,11,12,7,85,9,236,35,147,10,13,,,,,,,,,
5771,0.3715,3.847,5.2447,16.1058,0.066,0.9233,1.3057,14.4887,0.3176,0.0176,2.6865,54,67,9,36,12,24,9,8,11,7,91,0,192,34,153,8,9,,,,,,,,,
5771.333,0.4123,5.4348,1.1856,5.912,0.1571,0.4539,0.4576,23.6234,0.0958,0.0144,2.8308,95,29,8,25,8,22,4,8,9,4,34,0,191,23,41,3,1,1.9,5.3,3.9,69.4,4.3,3.2,4.8,4.2,3
5771.667,0.4173,5.5444,1.1992,5.8847,0.2113,0.3195,0.4397,24.2334,0.0887,0.0147,2.5891,82,39,5,30,12,14,4,3,8,4,37,4,202,25,55,4,0,,,,,,,,,
5772,0.1804,0.1905,0.4833,3.0617,0,0.1883,0.2463,35.4587,0.0314,0.014,0.7742,35,18,4,11,13,15,5,6,7,4,29,0,242,19,40,3,0,,,,,,,,,
5772.333,0.2075,0.8435,1.0811,3.9984,0.0381,0.4202,0.321,33.3175,0.0414,0.014,0.8003,35,21,7,12,14,7,4,0,5,3,25,0,251,18,30,1,0,,,,,,,,,
5772.667,0.2752,0.8418,0.8923,4.1168,0.0245,0.4076,0.3584,33.8292,0.0531,0.0138,0.9304,28,19,6,21,16,15,6,6,8,3,24,0,221,18,41,3,0,,,,,,,,,
5773,0.3596,3.8542,4.4673,11.8418,0.1045,1.2016,1.1234,18.4622,0.1756,0.0153,2.8988,65,56,5,16,15,10,5,8,9,3,24,8,291,13,31,2,0,,,,,,,,,
5773.333,0.1683,0.0791,0.4348,3.2836,0,0.5105,0.2351,32.9515,0.0321,0.0133,0.9877,40,11,5,14,15,5,4,6,9,3,20,0,215,14,25,2,0,2.1,5.8,3.8,68,5.3,3.3,4.1,4.2,3.4
5773.667,0.1616,0,0.9556,4.0666,0,0.3203,0.3048,32.8752,0.0443,0.0138,0.8472,30,21,6,15,18,9,5,2,8,3,21,0,173,17,40,1,0,,,,,,,,,
5774,0.1991,0.3716,0.8929,3.6804,0.076,0.244,0.2797,34.9941,0.0429,0.0139,0.7816,43,19,8,16,22,15,8,2,10,4,19,12,1690,0,0,5,0,,,,,,,,,
5774.333,0.2094,0,1.0836,4.3751,0,0.3522,0.3068,33.0757,0.0393,0.0138,0.9425,37,19,5,17,15,10,4,6,9,3,20,0,151,20,33,2,0,,,,,,,,,
5775,0.1982,0.2205,0.6087,3.6167,0,0.5069,0.2872,33.5842,0.0398,0.0136,1.0105,46,16,6,12,10,7,3,3,8,3,21,0,152,14,32,1,0,,,,,,,,,
5775.333,0.1945,0,1.0871,4.1548,0,0.243,0.3043,33.3673,0.0387,0.0137,0.8866,26,19,6,36,11,20,8,2,9,6,64,0,206,29,111,7,7,2.7,3.4,3.9,70.6,5.1,4.1,3.5,4.2,2.4
5775.667,0.2994,3.0504,5.1166,16.6795,0.1741,1.6062,1.5063,13.4967,0.2745,0.0166,2.7497,35,79,7,40,12,18,9,13,13,7,86,6,218,29,142,8,8,,,,,,,,,
5776,0.2396,0.1023,1.4065,4.6443,0.0196,0.4365,0.3636,33.508,0.0447,0.0138,0.8245,40,24,8,11,13,9,5,0,6,4,26,0,191,19,40,2,0,,,,,,,,,
5776.333,0.2244,0.1463,0.7,3.5037,0.0321,0.2145,0.2688,34.5268,0.046,0.0137,0.7861,30,15,7,13,10,13,4,8,9,3,26,0,286,19,44,2,1,,,,,,,,,
5776.667,0.3559,2.6117,2.8951,11.6093,0.0875,0.9938,0.9005,18.1569,0.1608,0.0163,2.7385,50,64,5,29,13,33,7,1,9,5,57,2,204,28,118,6,7,,,,,,,,,
5777,0.3575,1.8905,7.2161,18.0641,0.133,1.0951,2.0371,12.735,0.3293,0.017,2.3167,16,86,7,42,20,34,15,6,12,9,114,4,251,26,140,9,9,,,,,,,,,
5777.333,0.3652,2.1177,2.7298,9.8617,0.115,0.9147,0.8835,20.7874,0.1535,0.0149,2.2683,38,54,6,17,12,6,6,3,9,3,24,0,147,17,40,2,0,8.4,25.6,3.6,43.4,5.6,3.8,2.6,4.4,2.6
5777.667,0.3109,1.0999,2.7494,11.5576,0.1924,1.2636,0.9358,19.2536,0.1616,0.0154,1.9494,50,60,4,28,13,21,8,2,7,5,49,0,239,29,134,7,7,,,,,,,,,
5778,0.3455,1.4115,5.6763,16.6213,0.1767,0.9644,1.7247,15.5815,0.2956,0.0167,1.8756,0,93,7,35,16,45,11,0,9,7,89,12,276,31,161,10,15,,,,,,,,,
5778.333,0.3327,2.7817,4.568,16.2528,0.0909,0.8797,1.2895,14.7596,0.2341,0.0163,2.5774,56,67,8,32,10,24,10,4,10,7,83,0,212,26,145,8,6,,,,,,,,,
5778.667,0.3811,3.2016,4.5343,15.186,0.1064,1.501,1.2307,14.9682,0.2205,0.0162,2.7437,47,70,6,31,14,26,9,8,11,7,79,3,232,23,131,7,10,,,,,,,,,
5779,0.258,0,0.3749,3.6924,0.0229,0.2276,0.2438,34.8583,0.0395,0.0139,0.7806,31,22,6,15,16,11,5,5,7,4,20,0,586,9,44,4,0,3.1,4.6,3.1,70.6,4.6,4.7,3.1,4.3,1.8
5779.333,0.3476,0.2469,3.8256,14.7208,0.2049,0.7427,1.2214,17.939,0.2168,0.0166,1.6205,12,76,5,21,16,18,8,8,10,4,35,9,908,4,57,6,2,,,,,,,,,
5779.667,0.3687,1.7931,6.4403,21.003,0.1258,0.873,2.0137,10.3446,0.3266,0.0195,2.3233,41,89,5,39,15,32,14,4,11,8,102,4,229,31,194,10,11,,,,,,,,,
5780,0.3643,2.8518,2.9038,12.7373,0.0867,0.6056,0.9525,17.0257,0.1827,0.0166,2.8572,58,69,6,28,13,22,8,0,8,6,67,3,184,29,125,5,13,,,,,,,,,
5780.333,0.2957,1.8038,5.274,19.951,0.2101,0.9775,1.7528,12.8262,0.295,0.0182,2.069,15,95,3,34,13,21,9,4,10,7,89,1,224,38,195,10,16,,,,,,,,,
5780.667,0.2841,2.1655,4.9492,23.1633,0.1752,1.7687,1.4825,10.007,0.3226,0.0202,2.1473,17,92,7,36,12,22,9,6,10,7,93,1,188,34,229,12,13,,,,,,,,,
5781,0.3376,2.5983,4.45,23.2153,0.1976,1.0531,1.2602,11.9563,0.2913,0.0197,2.2521,38,89,4,32,10,30,10,7,10,7,83,9,203,32,213,10,15,31.1,17.4,4.5,23.2,8.2,4.8,4.2,3.7,2.8
5781.333,0.4076,1.6279,6.0692,19.8551,0.1092,1.2729,1.85,11.5353,0.3067,0.0181,2.2981,15,95,7,35,11,22,11,4,10,8,108,3,251,30,202,10,12,,,,,,,,,
5781.667,0.3829,1.3469,5.8886,20.1157,0.1447,0.9087,1.824,11.8569,0.326,0.0189,2.3384,49,87,9,33,13,27,13,0,9,8,95,0,222,29,190,9,7,,,,,,,,,
5782,0.2785,0,0.7464,4.2427,0.0081,0.3414,0.2967,34.2356,0.0553,0.0143,0.8104,34,18,6,18,18,13,7,3,8,3,21,8,664,9,41,3,0,,,,,,,,,
5782.333,0.4049,4.0625,2.8032,12.2292,0.0318,1.3061,0.8192,16.8264,0.1718,0.0167,3.0898,65,56,11,23,6,15,6,1,6,4,48,0,157,19,103,4,1,,,,,,,,,
5782.667,0.3872,2.1208,4.4655,16.5964,0.0837,0.6294,1.3334,15.486,0.2357,0.0175,2.3012,27,81,6,34,11,24,10,8,11,6,72,5,186,28,150,9,10,4.8,4,2.6,72.6,4,2.8,3.7,3.5,1.9
5783,0.2678,0,1.2128,5.2994,0.0806,0.5051,0.3632,31.9541,0.0502,0.0141,0.89,30,28,6,23,19,16,7,4,7,4,24,4,1021,0,31,3,0,,,,,,,,,
5783.333,0.2511,0,0.8228,5.4803,0,0.4704,0.3362,32.1838,0.0506,0.014,0.877,33,30,6,21,18,10,5,3,7,4,30,0,754,3,30,5,0,,,,,,,,,
5783.667,0.3239,0,0.9998,4.7476,0.0978,0.3062,0.3315,32.0104,0.0513,0.0143,0.8582,53,17,7,12,18,12,7,6,9,4,25,1,815,3,41,3,0,,,,,,,,,
5784,0.4583,0.971,7.428,27.8108,0.0724,1.3397,2.4005,3.9809,0.4254,0.0218,2.1888,16,107,7,31,8,24,13,8,12,9,120,11,191,29,280,13,17,,,,,,,,,
5784.333,0.3655,1.1369,7.4578,27.6666,0.0815,1.4184,2.4146,3.6541,0.4406,0.0229,2.3444,69,116,7,39,10,30,16,4,11,10,126,0,189,31,280,14,13,35.2,22.3,6.4,12.5,7.4,5.4,3.6,4.2,3
5784.667,0.4208,0.6136,6.8286,27.134,0.4055,1.0153,2.2214,4.9244,0.3906,0.0217,2.2419,56,112,7,35,13,24,10,7,11,8,105,5,186,33,284,12,17,,,,,,,,,
5785,0.5119,1.4294,4.7053,25.869,0.0737,1.3715,1.5599,6.4884,0.2958,0.0219,2.2284,59,105,7,23,11,18,7,6,10,6,77,0,156,31,258,10,14,,,,,,,,,
5785.333,0.4079,0.4817,7.5753,28.5822,0.0588,1.258,2.3953,3.2511,0.3921,0.0221,2.3014,60,100,5,32,13,32,14,5,11,9,123,9,227,29,244,13,15,,,,,,,,,
5785.667,0.4844,1.0376,7.0689,27.0574,0.0503,1.1806,2.2832,4.0535,0.3888,0.0229,2.4851,37,92,6,39,11,32,15,3,10,9,120,8,183,28,240,13,23,,,,,,,,,
5786,0.2833,1.5062,7.1464,29.5244,0.1022,1.3807,2.114,5.9337,0.373,0.0217,2.0215,23,114,10,34,8,24,12,8,12,8,110,6,254,26,259,12,19,18.9,28.3,6.9,20,7.1,6.5,4.5,5.3,2.5
5786.333,0.4394,1.8588,6.5611,20.3106,0.0672,1.0144,2.0115,8.98,0.3138,0.0194,2.8677,59,74,9,42,15,33,14,7,11,9,116,2,216,30,174,10,8,,,,,,,,,
5786.667,0.3721,0.8653,6.428,26.7754,0.0784,1.2425,2.0954,4.5426,0.3502,0.0215,2.4073,42,118,6,34,15,26,12,6,11,9,115,7,204,29,259,13,19,,,,,,,,,
5787,0.4306,1.8246,7.7212,21.8744,0.0646,0.8147,2.5044,7.9154,0.3642,0.0208,2.9228,50,101,4,42,15,33,14,6,12,10,137,6,199,28,162,9,5,,,,,,,,,
5787.333,0.4001,2.4848,7.1173,20.1731,0.0627,0.8184,2.1326,9.9483,0.3295,0.0193,2.8305,35,95,7,34,9,33,11,6,11,9,118,0,208,27,153,9,10,22.5,24.4,8.2,21.2,6.6,5.9,2.8,4.5,3.7
5787.667,0.4169,2.0231,7.7582,22.1091,0.0948,1.1764,2.4972,7.9743,0.3777,0.0205,2.8912,42,93,11,42,12,32,14,7,11,12,157,1,212,26,154,11,6,,,,,,,,,
5788.333,0.4045,2.1003,7.538,20.8206,0.0532,0.9428,2.3222,9.0147,0.3417,0.019,3.0248,39,98,9,44,12,31,13,5,11,10,134,0,230,27,171,10,9,,,,,,,,,
5788.667,0.3706,2.4883,4.7074,18.386,0.104,0.8397,1.6804,11.843,0.2479,0.0189,2.5089,49,92,8,38,12,27,12,0,8,7,92,1,208,32,173,9,15,,,,,,,,,
5789,0.4333,1.3838,6.5485,22.3689,0.1143,1.1278,2.2687,9.1512,0.3396,0.0191,2.4574,40,94,11,39,11,27,12,2,10,8,99,0,190,32,194,10,11,,,,,,,,,
5789.333,0.2589,0,0.499,4.5221,0,0.3817,0.315,30.2821,0.0391,0.0141,0.9428,42,18,7,20,15,9,5,0,5,3,23,4,245,17,43,3,0,3.4,4.3,5.4,64.4,5.6,4.9,3.9,5.9,2.1
5789.667,0.4219,1.2332,6.5044,22.7015,0.066,1.1171,2.4042,7.5186,0.3593,0.0212,2.4267,33,107,6,41,14,55,13,1,9,9,107,2,192,31,204,10,7,,,,,,,,,
5790,0.3972,3.1129,5.1028,18.5699,0.1093,0.9161,1.7344,12.1577,0.2781,0.0191,2.7249,50,86,7,36,13,23,9,6,10,7,87,0,190,33,152,7,7,,,,,,,,,
5790.333,0.3386,1.3572,7.1237,24.3981,0.0884,0.9931,2.4845,7.7329,0.3334,0.0208,2.3771,31,106,3,41,11,41,9,3,10,9,112,5,176,28,186,9,7,,,,,,,,,
5790.667,0.4003,1.359,7.2712,23.9599,0.0735,0.9936,2.5648,7.7459,0.3535,0.0214,2.3825,16,107,7,36,12,70,12,4,10,10,125,1,175,30,190,9,11,,,,,,,,,
5791,0.4626,0.9795,7.7323,25.4875,0.0814,0.9061,2.8174,5.7079,0.4184,0.0214,2.1964,42,110,8,39,11,37,14,0,8,10,127,10,208,29,186,11,12,28.9,13,10.5,15.9,9.8,6.7,4.7,6.8,3.8
5791.333,0.3425,1.3111,6.6689,23.6709,0.1217,1.4527,2.3683,8.1249,0.336,0.0205,2.2241,37,94,7,34,14,28,12,5,11,9,114,0,185,29,197,11,9,,,,,,,,,
5791.667,0.3908,1.3616,7.724,26.8042,0.0741,0.9578,2.9445,4.7277,0.3906,0.0227,2.2226,38,115,6,39,12,29,13,5,11,10,127,9,221,26,183,10,8,,,,,,,,,
5792,0.43,0.8537,8.6235,26.8676,0.041,0.9856,3.3668,3.192,0.4449,0.0232,2.5181,56,110,7,48,17,46,16,2,11,12,164,6,224,24,164,12,9,,,,,,,,,
5792.333,0.434,1.3611,7.3791,24.7616,0.0641,1.134,2.6363,6.2281,0.3746,0.0216,2.3902,27,113,8,37,12,80,14,3,10,9,120,4,213,29,182,11,9,,,,,,,,,
5792.667,0.3615,1.7006,6.3983,21.8989,0.0849,0.9114,2.6375,9.5486,0.3278,0.0192,2.4435,22,102,7,37,13,30,12,4,10,9,110,6,303,23,145,8,9,29.8,11.1,10.9,17.6,9,9,3.8,6,2.8
5793,0.2497,0,0.4237,3.0101,0,0.2591,0.2629,36.2593,0.0269,0.0143,0.8278,38,14,6,12,13,15,7,4,9,3,16,0,440,4,16,1,0,,,,,,,,,
5793.333,0.2379,0,0.9112,4.0011,0.0741,0.3267,0.4184,33.7201,0.0392,0.0141,0.8995,43,17,6,11,16,7,4,7,10,4,18,0,941,0,4,3,0,,,,,,,,,
5793.667,0.4,2.9827,5.6295,18.3469,0.0972,0.952,2.2632,11.6443,0.286,0.0174,2.9594,37,89,7,41,14,32,11,5,10,9,118,2,185,28,117,7,9,,,,,,,,,
5794,0.361,3.1687,5.6301,17.3809,0.2713,1.2378,2.2362,12.8663,0.3027,0.0165,2.6877,38,88,5,29,13,46,8,3,9,8,103,0,255,31,114,6,3,,,,,,,,,
5796.333,0.3811,2.1148,7.2178,22.1578,0.1327,1.019,2.7806,7.2879,0.3875,0.0188,2.9069,16,112,10,37,12,51,10,4,10,10,131,6,177,29,132,9,4,12.4,24.4,8.1,32,7,5.2,3,5.4,2.5
5796.667,0.1742,0,0.287,3.1635,0,0.1983,0.2821,36.1979,0.0308,0.0138,0.7655,32,17,7,13,15,18,5,0,9,3,15,1,253,16,23,1,0,,,,,,,,,
5797,0.5077,0.0444,4.6144,14.7606,0.1069,1.0533,2.0618,11.043,0.2954,0.0167,2.6459,37,80,9,35,14,97,11,3,10,8,99,9,206,31,105,7,5,,,,,,,,,
5797.333,0.3693,2.9443,5.7726,17.6509,0.2502,1.213,2.2228,12.4892,0.2887,0.017,2.6753,11,90,9,32,13,108,11,0,7,8,98,3,199,31,106,7,6,,,,,,,,,
5797.667,0.3529,3.3752,5.3741,17.1053,0.3163,1.7161,2.0601,12.5714,0.2768,0.0178,2.9803,35,91,11,37,15,92,12,0,9,8,96,3,192,37,119,6,5,,,,,,,,,
5798,0.362,2.8723,5.0908,17.5503,0.1781,0.9813,1.9492,12.7111,0.2959,0.0172,2.6802,48,93,5,39,14,34,9,1,8,7,94,0,175,33,114,7,5,14.8,26.6,6.5,27.4,6.4,5.1,3.5,5.3,4.4
5798.333,0.3741,3.4735,5.1569,18.4252,0.161,1.0065,1.9758,12.6489,0.2598,0.0185,2.7511,60,91,9,36,9,41,9,2,10,5,63,8,194,28,123,6,12,,,,,,,,,
5798.667,0.3478,2.7244,3.6971,12.7922,0.4514,0.7941,1.4557,19.2823,0.1989,0.0156,2.179,58,69,6,34,17,60,7,8,10,6,69,10,277,26,82,4,6,,,,,,,,,
5799,0.241,0,0.1754,2.7891,0,0.1701,0.2001,36.1811,0.0321,0.0135,0.7777,36,14,7,16,13,32,8,1,9,3,20,0,172,14,24,2,0,,,,,,,,,
5799.333,0.3832,2.6058,2.9205,12.4005,0.2497,1.0016,1.0452,18.3216,0.1587,0.0155,2.6767,70,66,11,31,11,30,7,1,4,5,63,1,185,26,76,4,9,,,,,,,,,
5799.667,0.338,3.2198,2.2999,11.4795,0.3082,0.9158,0.9076,19.5922,0.1333,0.0147,2.4775,69,56,3,19,17,20,3,1,7,4,33,0,192,21,45,3,0,2.9,3.8,4.3,66.2,5.5,3.7,5.2,3.9,4.4
5800,0.3503,3.2412,2.9484,14.6175,0.4241,0.8698,1.0866,18.2307,0.1711,0.0157,2.4474,74,63,6,27,16,34,7,2,8,5,56,0,233,29,81,4,0,,,,,,,,,
5800.333,0.4043,3.733,4.3369,16.9214,0.3236,0.8891,1.6368,14.3826,0.2487,0.0177,2.5154,54,94,2,49,17,110,12,5,11,7,77,22,1020,8,88,8,5,,,,,,,,,
5800.667,0.2534,0,0.1983,3.4114,0.0314,0.2308,0.1975,34.7036,0.0293,0.0135,0.8247,39,13,8,19,14,12,6,4,8,3,18,0,674,7,8,3,0,,,,,,,,,
5801,0.3958,3.2804,3.173,17.7047,0.1721,1.2664,0.8625,14.4386,0.162,0.0187,2.3577,84,94,7,26,14,65,8,1,6,5,53,0,187,29,118,6,6,,,,,,,,,
5801.333,0.4032,2.4208,4.1662,21.6125,0.0554,1.3225,1.3293,9.4412,0.2332,0.0196,2.5287,65,105,7,30,9,49,5,1,6,4,50,4,178,27,151,6,13,,,,,,,,,
5801.667,0.3052,1.4462,5.377,23.3763,0.1527,1.21,2.0817,9.6648,0.307,0.019,2.362,63,110,7,39,11,43,11,2,8,8,106,2,185,26,134,7,12,19.3,16.6,7.1,30.3,7.7,6.6,3.3,5.4,3.7
5802,0.2313,0,0.4828,4.7739,0.0684,0.2849,0.2439,34.4212,0.0337,0.0139,0.8204,42,23,7,22,17,15,5,3,7,3,16,13,742,2,5,2,0,,,,,,,,,
5802.333,0.248,0,0.4074,5.0768,0.1046,0.3364,0.2595,33.4001,0.0343,0.014,0.8536,39,24,8,15,12,15,5,2,9,4,19,0,974,0,9,2,0,,,,,,,,,
5802.667,0.3179,1.6062,4.5669,16.848,0.482,1.3181,1.5473,15.6805,0.2504,0.0165,1.9792,51,102,5,58,30,121,17,2,11,8,67,38,2649,0,51,10,0,,,,,,,,,
5803,0.3173,1.6176,4.7408,17.5461,0.4253,1.214,1.7862,14.2958,0.2568,0.0168,2.275,62,96,5,57,32,268,15,2,9,8,95,21,1416,0,58,9,5,,,,,,,,,
5803.333,0.3746,1.7405,4.0292,17.9157,0.2654,1.3473,1.6308,12.6697,0.2512,0.0179,2.4114,68,102,7,46,16,72,10,1,8,7,88,7,219,29,89,8,3,27.9,14.6,6.1,29.6,8.1,3.2,2.4,5.3,2.8
5803.667,0.3894,2.9805,4.8795,18.5574,0.214,1.0896,1.8687,12.5145,0.2685,0.018,2.6559,58,87,4,40,17,70,10,5,10,8,99,7,257,26,91,7,6,,,,,,,,,
5804,0.3662,3.6898,4.2092,16.6453,0.2014,1.0547,1.5812,13.92,0.229,0.0167,2.5919,69,94,12,37,14,210,8,0,6,6,76,9,234,28,102,7,11,,,,,,,,,
5804.333,0.3894,2.8608,5.6237,19.1356,0.2758,0.9434,2.1152,11.0664,0.3063,0.0175,2.8361,15,112,9,47,18,52,8,3,9,9,108,1,193,34,109,7,3,,,,,,,,,
5804.667,0.4088,2.1078,5.7844,20.2882,0.3557,0.6922,2.2357,10.1734,0.3318,0.0181,2.8389,55,115,7,47,16,36,10,13,14,9,122,0,191,36,114,9,15,,,,,,,,,
5805,0.3912,2.7019,5.7146,19.7981,0.1783,0.7617,2.1906,10.2887,0.293,0.0185,2.9841,80,98,9,49,14,65,11,2,9,9,115,2,181,34,115,8,7,19.3,23.1,10.5,18.2,10.4,6.6,3.3,5.4,3.1
5806.333,0.3936,2.1664,6.7306,21.5309,0.1881,1.0449,2.4949,9.0002,0.3312,0.019,2.7456,36,119,6,47,17,94,13,0,7,10,127,5,190,31,129,8,8,,,,,,,,,
5806.667,0.3962,2.1391,7.1323,22.9089,0.1856,0.7753,2.7944,7.5682,0.3674,0.0198,2.9082,62,115,6,41,15,65,13,0,9,10,134,4,190,31,120,8,4,,,,,,,,,
5807,0.3497,1.0574,7.1575,24.1275,0.1477,1.683,2.7507,6.229,0.3585,0.0192,2.8371,60,119,5,43,15,57,14,3,11,11,144,8,197,29,150,8,7,,,,,,,,,
5807.333,0.4106,1.7591,6.6435,23.4398,0.1503,1.7617,2.5234,7.0797,0.318,0.0198,2.7354,64,112,6,38,15,72,11,3,10,9,116,8,189,29,161,8,9,,,,,,,,,
5807.667,0.4385,0.9192,7.4759,26.7368,0.1148,0.999,3.0996,4.366,0.4006,0.0208,2.9016,85,116,6,42,18,94,14,4,11,10,133,11,194,29,166,10,10,,,,,,,,,
5808,0.2955,1.3935,6.6688,25.5415,0.1153,2.0268,2.785,4.727,0.3489,0.0203,2.8168,81,118,11,47,15,64,12,9,12,10,135,0,188,28,181,8,11,15.1,25.4,9.3,23.1,7.8,6.3,4.6,4.8,3.5
5808.333,0.3617,1.1745,6.0976,27.4137,0.078,1.4402,2.5344,4.5782,0.3261,0.0219,2.3191,67,118,8,27,9,27,10,4,9,8,97,12,161,29,225,11,19,,,,,,,,,
5808.667,0.3923,1.8844,5.8405,23.5919,0.2459,1.2541,2.8172,8.4134,0.3198,0.02,2.2384,53,128,4,52,18,107,13,4,10,9,108,11,226,33,165,9,8,,,,,,,,,
5809,0.4022,2.3809,5.4436,18.259,0.1091,1.4565,2.2103,11.8803,0.283,0.0176,2.6289,50,87,8,40,12,33,10,2,9,8,107,7,210,29,115,9,9,,,,,,,,,
5809.333,0.364,1.822,5.6856,20.9987,0.2843,1.118,2.8356,10.2639,0.3021,0.0191,2.2238,50,116,5,52,18,53,12,2,9,8,109,16,339,36,145,10,13,,,,,,,,,
5810,0.4031,1.4065,4.2727,15.3323,0.0389,0.6835,1.8663,13.063,0.2394,0.0176,2.7581,40,86,10,42,14,29,10,5,10,8,102,0,212,33,117,7,8,17.3,25.3,7.6,25.9,8.2,5.2,2.4,4.8,3.3
5810.333,0.382,2.4329,5.0702,18.0872,0.0991,1.154,2.0472,11.9642,0.2717,0.0177,2.8627,39,84,8,42,12,29,11,3,10,8,106,0,207,33,131,8,7,,,,,,,,,
5810.667,0.4058,1.4547,6.7269,24.9155,0.1385,1.7381,2.747,5.9687,0.3577,0.0199,2.6295,65,106,7,50,15,86,14,10,13,9,118,2,220,29,208,9,17,,,,,,,,,
5811,0.3307,1.074,6.4673,21.5928,0.2428,1.2744,2.9457,9.2848,0.331,0.0187,2.3824,60,125,7,50,19,56,14,0,10,10,124,0,221,32,144,8,9,,,,,,,,,
5811.333,0.3572,1.3318,6.087,27.4374,0.1045,2.0794,2.4835,4.5821,0.3558,0.0208,2.5875,63,105,8,39,12,54,11,8,11,7,96,18,163,27,201,9,19,,,,,,,,,
5811.667,0.3873,1.1371,6.672,26.6481,0.0871,1.9586,2.677,4.6272,0.3661,0.0215,2.3737,87,111,10,39,13,26,11,5,10,9,124,2,178,28,216,11,13,,,,,,,,,
5812,0.338,1.4069,5.9054,23.0702,0.2239,1.5564,2.7431,8.1069,0.3015,0.0193,2.1866,29,117,6,55,19,212,15,2,11,9,115,1,202,37,183,10,14,,,,,,,,,
5812.333,0.4256,1.1049,6.248,25.483,0.1706,1.182,2.8828,6.6428,0.3286,0.0205,2.3997,55,122,6,41,14,83,11,6,11,8,111,7,189,32,186,10,17,31.6,11.8,7.9,17.3,10.6,7.1,4.3,5.1,4.2
5812.667,0.3524,1.2796,7.0245,25.0909,0.1792,1.528,3.1173,6.5582,0.3664,0.0205,2.357,53,117,7,52,14,43,12,4,10,10,131,19,212,32,172,10,14,,,,,,,,,
5813,0.4488,0.9311,6.862,26.6786,0.0929,1.5439,2.9307,4.2869,0.3943,0.0207,2.4169,52,113,9,58,13,45,13,12,13,10,131,11,185,29,217,12,16,,,,,,,,,
5813.333,0.2018,1.044,2.6714,10.007,0.3889,1.2053,1.4686,26.205,0.1194,0.0151,1.2657,55,70,5,49,19,51,7,2,9,5,56,15,374,30,55,4,9,,,,,,,,,
5813.667,0.2876,0.2492,2.1772,10.3093,0.2944,1.345,1.1591,23.8869,0.1046,0.0152,1.3854,40,62,4,43,23,175,7,0,8,4,41,6,333,26,70,5,8,,,,,,,,,
5814,0.3112,0.1171,1.8256,7.9022,0.1242,0.829,0.8574,28.5462,0.0736,0.0146,1.1036,45,44,6,17,15,24,4,1,8,3,30,13,300,17,44,3,8,6,4.9,4.2,65.2,5.7,5,3.4,4,1.7
5814.333,0.3147,1.2921,2.1969,10.3529,0.0777,0.8309,1.1061,22.1343,0.1292,0.015,1.6438,48,59,5,34,11,44,8,4,9,5,56,6,297,23,96,7,5,10.1,13.3,4.1,49.7,7.4,5.8,3.4,3.6,2.5
5814.333,0.3034,0,0.585,3.8204,0,0.3887,0.3766,33.8075,0.0283,0.0136,0.8948,39,20,7,21,13,15,5,2,8,3,22,7,281,13,36,2,0,,,,,,,,,
5814.667,0.2897,0.6667,2.2808,11.3993,0.2369,1.1537,1.1162,22.2133,0.1141,0.0155,1.4195,62,57,4,42,19,78,5,5,8,5,45,0,299,19,83,6,4,,,,,,,,,
5814.667,0.3599,1.8045,3.5763,13.6227,0.1112,1.17,1.5012,19.7955,0.1734,0.0153,1.8408,36,75,6,46,17,34,11,5,10,7,78,0,286,24,130,6,5,,,,,,,,,
5815,0.3383,1.6269,5.4234,18.0095,0.2401,1.6855,2.126,14.7019,0.2562,0.0166,2.3496,62,84,5,43,17,50,13,10,13,8,103,5,279,27,161,8,16,,,,,,,,,
5815,0.2604,1.9205,2.3905,9.8733,0.3767,1.6103,1.5137,22.4781,0.1239,0.0152,1.5547,66,68,2,64,25,141,8,8,11,6,63,0,346,21,63,5,6,,,,,,,,,
5815.333,0.3375,2.7169,2.6788,10.6508,0.5412,1.3117,1.6138,22.5533,0.1404,0.0153,1.6171,64,70,3,67,28,129,9,3,9,6,62,2,355,28,65,6,9,,,,,,,,,
5815.667,0.3327,1.9354,2.5936,11.3168,0.2958,1.2064,1.5558,21.9182,0.1246,0.0156,1.6945,73,70,2,58,23,172,7,6,9,5,52,11,325,28,79,6,8,8,13.5,6.1,50.8,7,4.9,4.4,3.6,1.7
5816,0.3173,2.4015,2.8704,11.3773,0.2993,1.2367,1.673,21.8895,0.1333,0.0159,1.7092,77,77,2,56,21,152,7,7,10,6,67,5,330,26,75,4,13,,,,,,,,,
5816.333,0.2972,1.4496,1.9512,9.3843,0.1734,1.41,1.3176,20.9653,0.1077,0.0154,1.632,73,66,6,55,28,311,8,5,8,5,53,7,297,23,59,5,4,,,,,,,,,
5816.667,0.3244,1.9461,2.5113,10.5215,0.3257,1.0747,1.4991,23.2036,0.1238,0.0152,1.6384,62,68,5,54,24,90,8,4,9,5,57,12,329,24,60,5,9,,,,,,,,,
5817,0.3703,1.7114,2.6114,13.1798,0.2722,1.2314,1.4372,19.4177,0.1238,0.0163,1.6922,59,81,3,55,20,163,7,4,8,4,43,8,323,23,82,5,10,9.3,18,4,47.3,5.4,5.6,1.6,4.8,4
5817.333,0.3856,2.6224,3.0915,13.362,0.2662,1.2264,1.5093,18.1261,0.1565,0.0163,2.1366,72,61,6,47,16,62,8,1,9,5,55,15,261,23,99,5,10,,,,,,,,,
5817.667,0.3341,2.0592,3.5581,14.0927,0.1656,1.4005,1.6657,16.2797,0.1522,0.0162,2.1264,63,72,7,56,25,91,7,6,9,5,60,0,275,22,84,7,8,,,,,,,,,
5818,0.4284,1.3411,2.5673,13.8366,0.2677,1.0189,1.4005,17.3027,0.1483,0.0165,1.9642,89,69,9,41,16,92,7,4,8,5,58,6,279,28,103,4,8,,,,,,,,,
5818.333,0.2978,2.1813,3.7907,12.6998,0.2482,1.0212,1.8507,20.4559,0.183,0.0156,1.8905,52,69,8,42,20,47,7,9,10,6,71,13,291,26,85,5,7,,,,,,,,,
5818.667,0.3202,2.363,3.318,11.1802,0.2909,1.3696,1.7677,22.6136,0.1587,0.0153,1.8204,49,66,4,33,20,66,9,5,10,5,58,1,270,29,70,4,1,5.3,15.1,4.5,54.7,6.1,5.3,2.4,3.9,2.8
5819,0.3555,1.6908,4.3627,13.0107,0.2659,0.8756,2.1203,19.3664,0.2225,0.016,2.0121,35,77,8,51,17,41,7,6,9,7,85,7,288,31,82,5,7,,,,,,,,,
5819.333,0.349,2.2737,3.7339,11.6087,0.2452,1.0397,1.759,21.2388,0.1759,0.0145,1.8007,39,66,6,40,16,56,9,5,9,6,70,7,279,24,76,6,5,,,,,,,,,
5819.667,0.1642,0.3388,0.6316,3.5285,0.014,0.5437,0.497,33.2039,0.0418,0.0139,0.9076,36,25,8,17,16,17,4,3,6,3,23,0,257,19,29,1,2,,,,,,,,,
5820,0.2904,2.3324,3.5695,11.28,0.2357,1.2268,1.6482,21.5518,0.1733,0.0145,1.7138,40,68,5,44,17,51,9,1,9,6,66,0,284,28,71,6,2,6.4,9,4.4,52.6,8.1,5.2,4.1,7.5,2.7
5820.333,0.3821,1.9491,3.7998,11.6462,0.2222,0.9188,1.7977,19.834,0.1913,0.0148,1.9514,22,81,5,49,19,61,10,0,7,7,79,3,284,25,84,6,5,,,,,,,,,
5820.667,0.2277,0.8992,1.9568,7.6631,0.1881,0.9817,1.1077,29.1825,0.1047,0.0143,1.2285,48,49,4,35,16,39,6,6,8,4,41,12,272,25,54,4,2,,,,,,,,,
5821,0.3492,0,1.294,6.0104,0.0444,0.6363,0.9982,25.8779,0.0849,0.0139,1.2029,33,37,5,26,17,57,5,5,9,4,40,3,258,18,43,4,0,,,,,,,,,
5821.333,0.3321,1.4536,3.0492,10.0488,0.2328,1.0141,1.5026,24.5674,0.1577,0.0151,1.5294,50,55,7,42,20,60,8,6,9,6,62,0,270,29,68,5,0,5.5,8.9,4.6,55.1,7.5,4.3,4.3,5.6,4.2
5821.667,0.2645,1.6292,2.8535,9.6251,0.2403,1.2485,1.4586,24.4466,0.1405,0.0147,1.4887,49,47,7,32,20,54,8,4,9,5,47,0,284,25,56,4,1,,,,,,,,,
5822,0.3204,1.5435,3.7594,11.3287,0.3855,1.7421,1.9234,21.9175,0.1872,0.0149,1.9529,22,60,6,46,21,61,7,6,9,6,67,2,307,26,71,4,8,,,,,,,,,
5822.333,0.2772,1.2576,3.7705,11.5672,0.3177,1.3134,1.9422,21.3511,0.2086,0.015,2.0228,30,61,8,56,23,55,9,5,9,6,65,6,309,28,70,7,6,,,,,,,,,
5822.667,0.2268,0.9495,3.2746,11.6263,0.2873,1.1619,1.5488,23.0035,0.1487,0.0151,1.5311,55,70,3,43,19,73,8,8,11,6,67,0,286,30,70,6,4,7.2,9,5.4,52.5,8,4.1,3.2,7,3.6
5823,0.3247,1.0752,3.4343,12.4526,0.2579,1.4377,1.693,20.7436,0.162,0.0156,1.5796,53,83,5,38,17,77,9,6,10,6,70,7,286,27,78,6,2,,,,,,,,,
5824.333,0.2599,0.8613,3.1381,10.7335,0.243,0.9594,1.4848,23.7081,0.1457,0.015,1.3668,53,63,7,42,16,28,6,6,10,6,62,9,287,26,65,4,0,,,,,,,,,
5824.667,0.3336,1.6741,3.4977,11.886,0.3087,1.1578,1.6512,22.5031,0.162,0.0154,1.6341,48,81,3,44,14,46,8,7,10,6,71,1,262,25,70,4,6,,,,,,,,,
5825,0.3,0.9377,2.7062,10.2131,0.213,0.9001,1.4754,21.6789,0.1371,0.0155,1.3812,50,64,6,45,18,38,10,3,10,5,62,15,285,28,67,4,7,,,,,,,,,
5825.333,0.3326,1.2549,3.6761,12.1741,0.3461,1.0473,1.7877,21.9746,0.1692,0.0155,1.5974,44,72,6,53,24,51,8,5,9,7,76,9,296,27,74,6,2,,,,,,,,,
5825.667,0.3299,1.0626,3.2406,12.1278,0.319,1.0709,1.6267,22.2855,0.1622,0.0154,1.4529,53,71,6,48,20,45,8,4,9,7,73,0,265,27,74,5,3,9.1,9.6,6.7,48.3,7.1,6.6,4.2,5.9,2.4
5826,0.3352,1.2997,3.6922,13.1325,0.3441,1.4905,1.9246,20.4794,0.1835,0.0158,1.5137,49,82,6,59,21,48,10,4,10,7,79,0,280,33,81,5,4,,,,,,,,,
5826.333,0.2907,1.1057,3.4619,13.1347,0.394,1.3588,1.7895,21.5561,0.1648,0.0157,1.4237,58,74,5,48,23,117,10,4,10,6,66,8,296,28,78,4,12,,,,,,,,,
5826.667,0.4023,0,3.0893,15.6898,0.5593,1.211,1.4601,17.2795,0.1657,0.0163,1.5328,42,72,6,41,19,92,9,4,8,5,58,0,291,45,132,7,5,,,,,,,,,
5827,0.3961,0.5894,3.6932,17.9064,0.2267,1.2062,1.6105,15.1526,0.163,0.0174,1.4966,48,91,3,38,18,71,7,4,9,6,69,0,243,30,143,7,10,15.3,8.6,3.9,45,8.9,5.9,5.2,4.3,3.1
5827.333,0.3728,1.9031,5.8771,21.3749,0.0975,1.2869,2.2864,11.5577,0.3154,0.0201,2.0557,1,83,8,26,11,21,11,9,12,8,102,1,264,24,177,9,14,,,,,,,,,
5827.667,0.4413,1.2569,4.8293,23.2968,0.1059,1.4417,1.8813,10.6153,0.2819,0.0212,1.626,29,93,3,23,15,18,8,8,10,7,90,2,249,26,257,10,24,,,,,,,,,
5828,0.3574,1.482,4.5147,17.6692,0.1439,0.9435,1.8826,14.4486,0.2461,0.0171,2.0247,37,83,3,29,11,20,10,4,10,7,86,9,273,25,143,7,14,,,,,,,,,
5828.333,0.3535,3.4828,3.316,11.256,0.1322,0.8597,1.4275,21.0186,0.1703,0.0157,1.9871,51,57,9,30,11,18,7,5,10,6,69,3,290,23,86,4,5,,,,,,,,,
5828.667,0.3511,3.4641,3.5508,11.1061,0.169,1.6358,1.4782,20.572,0.1674,0.0152,1.9289,50,63,7,32,13,26,6,5,9,6,62,0,290,21,77,4,2,5.7,10.1,5.4,53.3,7.7,5.2,5.1,3.8,3.6
5829,0.3513,2.7834,2.8318,10.6287,0.1467,0.8365,1.3018,22.6798,0.1392,0.0148,1.5305,55,53,6,37,18,35,10,0,7,6,67,0,300,23,77,4,7,,,,,,,,,
5829.333,0.2994,0.3367,0.4197,3.2611,0,0.2114,0.2994,34.7151,0.0294,0.0137,0.8188,41,9,5,17,15,12,4,5,9,3,21,0,255,17,25,2,0,,,,,,,,,
5829.667,0.2426,0,0.9292,4.8684,0.019,0.4322,0.5472,31.9021,0.0465,0.0138,0.9022,36,17,5,16,14,20,4,3,6,4,28,0,262,18,30,0,1,,,,,,,,,
5830,0.321,2.2544,3.7199,12.2198,0.2546,1.1998,1.7439,20.0934,0.1661,0.0149,1.9103,37,72,3,40,24,173,9,5,9,6,66,8,313,23,76,6,4,7.5,16,4.9,48,7.2,4.2,4.1,5.4,2.8
5830.333,0.4113,1.507,2.5064,10.3484,0.1,0.9353,1.309,18.0013,0.1496,0.0155,1.9245,66,64,3,38,19,100,8,2,9,5,61,13,281,26,97,8,13,,,,,,,,,
5830.667,0.3478,3.5252,3.7469,12.5524,0.1963,1.0827,1.6045,18.8677,0.1829,0.0152,1.9449,31,80,3,35,18,101,10,4,9,7,77,6,280,26,87,6,6,,,,,,,,,
5831,0.353,2.3183,1.54,9.3713,0.118,0.5865,0.7461,23.7046,0.0984,0.0156,1.428,57,56,1,24,14,31,5,0,6,4,42,8,305,22,123,5,10,,,,,,,,,
5831.333,0.2474,0.0776,0.3473,3.731,0,0.2766,0.2859,33.9284,0.0298,0.0138,0.8051,44,20,7,14,13,13,4,2,6,3,22,1,267,15,39,2,0,,,,,,,,,
5831.667,0.2155,0.7007,0.4333,3.4724,0,0.234,0.2508,35.3711,0.0372,0.0139,0.7742,35,16,7,13,17,17,5,1,7,3,19,0,268,16,44,3,1,2.9,4.4,3.7,65.8,5.8,5.1,4.6,3.4,4.5
5832,0.2002,1.1745,2.4331,8.5634,0.4092,1.3259,1.3546,25.7506,0.1148,0.0146,1.4182,43,51,3,45,31,95,12,11,13,6,43,24,2631,0,0,8,0,,,,,,,,,
5832.333,0.279,1.5521,2,6.8932,0.4784,1.0382,0.9152,28.3928,0.0895,0.0143,1.2379,39,48,3,53,38,344,11,12,13,7,46,9,2631,0,0,9,0,3.3,8.3,5.2,62.1,6.7,4.8,3.8,3.7,2.1
5832.333,0.2697,0.5238,1.8148,7.0442,0.3831,1.1571,1.0553,26.3292,0.1129,0.0141,1.2901,39,43,5,60,36,185,12,11,13,7,51,26,2711,0,0,8,6,,,,,,,,,
5832.667,0.2168,1.1458,2.1531,7.7331,0.3996,1.2327,1.0581,27.7136,0.1266,0.0143,1.2246,46,48,3,48,24,112,11,9,12,6,40,31,2503,0,1,8,7,,,,,,,,,
5832.667,0.2367,1.7793,2.3443,8.3018,0.2107,1.4005,1.2509,27.4521,0.1239,0.0142,1.3059,35,57,5,31,17,89,8,6,9,5,44,9,644,15,44,4,4,,,,,,,,,
5833,0.4115,1.9786,3.8526,14.7271,0.0826,1.4852,1.4912,17.2844,0.1695,0.0159,1.6633,13,73,2,38,17,52,8,5,10,5,48,13,383,12,90,4,6,,,,,,,,,
5833.333,0.3549,2.1979,2.3226,10.5694,0.0979,1.3329,1.0215,20.8444,0.1164,0.0152,1.4341,47,60,2,33,16,64,6,3,7,4,36,18,350,16,98,3,9,,,,,,,,,
5833.667,0.4035,1.521,1.7367,9.5648,0.0581,1.0819,0.8761,21.7131,0.0983,0.0151,1.3615,56,58,4,31,15,42,4,6,9,4,37,10,323,21,96,4,9,,,,,,,,,
5834,0.2021,0,0.3647,3.4622,0.0354,0.3,0.248,35.3243,0.0273,0.0138,0.7912,36,20,7,23,19,23,7,3,8,3,19,1,920,0,25,5,3,3.2,7.3,5.5,59.5,6.2,5.2,5.1,5.4,2.5
5834.333,0.2784,2.6887,1.9737,9.0006,0.1834,1.1372,0.9429,24.8618,0.1062,0.0148,1.2832,29,56,4,32,17,72,6,5,9,5,44,0,347,18,70,4,0,,,,,,,,,
5834.667,0.3025,2.3252,2.1161,8.6511,0.1965,1.2177,1.0165,25.7049,0.1058,0.0145,1.3329,31,53,1,42,19,78,6,6,9,5,45,0,368,28,69,6,0,,,,,,,,,
5835,0.1732,1.5046,2.2275,7.6415,0.5447,1.091,1.1789,27.2517,0.13,0.0146,1.2672,29,50,5,62,37,170,11,13,13,7,44,31,3356,0,0,9,0,,,,,,,,,
5835.333,0.3502,1.4256,1.7632,7.9501,0.0578,0.959,0.9852,22.0112,0.1135,0.0141,1.5165,39,50,4,39,18,86,8,0,6,5,54,13,395,20,73,5,4,6,16.2,5.3,51.5,5.6,3.5,4.5,5.2,2.2
5835.667,0.1818,0.0342,0.339,3.1703,0.0093,0.5702,0.2354,34.4891,0.0263,0.0137,0.7899,45,14,7,28,22,28,8,5,9,4,23,12,1925,0,0,5,0,,,,,,,,,
5836,0.2684,0.6598,0.7685,5.1844,0,1.4191,0.5187,27.9741,0.0561,0.0141,0.9698,34,27,4,16,15,57,4,4,8,4,26,0,333,17,45,2,4,,,,,,,,,
5836.333,0.3338,2.1047,1.8968,8.9912,0.0525,0.9807,0.8826,23.9963,0.0952,0.0149,1.3768,37,55,4,35,18,104,5,1,8,4,32,2,358,17,60,4,0,,,,,,,,,
5836.667,0.352,2.1839,1.6087,7.524,0.161,0.8899,0.7953,25.5901,0.0852,0.0145,1.3283,41,45,5,41,27,102,11,6,10,6,40,6,2213,0,7,7,0,,,,,,,,,
5837,0.3472,3.2449,2.112,8.0297,0.2313,1.4177,1.058,24.1148,0.141,0.0148,1.5285,32,46,3,52,28,106,11,14,15,7,50,34,2987,0,0,11,0,5.3,17.2,5,53.3,5.4,4.1,2.8,3.7,3.2
5837.333,0.3304,2.8006,2.2721,8.4952,0.146,1.9953,1.0825,23.5878,0.1427,0.0141,1.6441,33,43,2,48,27,183,8,7,10,6,51,9,1632,0,37,6,0,,,,,,,,,
5837.667,0.3236,2.8631,1.9111,8.2076,0.2135,1.0117,0.942,24.4748,0.0994,0.0147,1.4254,56,46,5,40,24,70,8,11,12,6,44,32,2301,0,15,8,2,,,,,,,,,
5838,0.2934,2.6806,1.1543,7.5809,0.0639,1.0712,0.6028,27.5659,0.0805,0.0145,1.1631,65,41,4,19,15,26,6,4,7,4,36,0,402,13,71,4,0,,,,,,,,,
5838.333,0.1914,0.3914,0.391,3.5608,0.0591,0.7363,0.2387,34.8381,0.0358,0.0139,0.8108,34,20,7,23,17,57,5,4,7,3,15,9,1017,0,17,2,0,3,3.3,3.8,68.7,6.6,4,3.5,4.2,2.8
5838.667,0.2415,0.0155,0.2708,3.2056,0,0.4467,0.2027,34.3468,0.028,0.0139,0.7905,37,17,9,19,16,21,6,7,9,3,16,5,1110,0,4,4,0,,,,,,,,,
5839,0.337,2.3253,1.7953,8.5259,0.0259,1.0201,0.9,24.3687,0.0907,0.0149,1.4197,41,48,4,24,19,71,6,4,8,4,39,9,373,20,64,3,5,,,,,,,,,
5839.333,0.32,2.5323,2.9227,9.1079,0.3998,1.5734,1.4421,23.6086,0.1411,0.015,1.3917,20,55,5,77,40,119,16,13,14,8,51,38,4651,0,0,13,0,,,,,,,,,
5839.667,0.1919,1.4421,2.1256,7.8812,0.2682,1.3967,1.1385,26.3688,0.0985,0.0143,1.3298,33,45,4,55,35,267,11,12,13,6,40,31,2658,0,0,10,2,4.8,8.4,6,58.7,5.8,4,4.6,4.2,3.5
5840,0.25,1.7804,2.2295,8.2347,0.2243,1.1405,1.0801,25.8595,0.1074,0.0145,1.2469,56,51,4,57,28,150,10,7,11,6,43,20,2595,0,0,8,0,,,,,,,,,
5840.333,0.3138,1.613,1.9619,8.3963,0.1154,1.1765,1.0799,25.0705,0.1014,0.0146,1.2047,50,48,4,55,21,71,9,8,11,6,46,14,1761,0,19,7,0,,,,,,,,,
5840.667,0.2885,2.2676,1.733,8.065,0.0787,1.0043,0.8926,25.4463,0.0893,0.0146,1.2922,40,42,4,41,21,40,9,5,10,5,42,11,926,6,54,5,2,,,,,,,,,
5841,0.3648,3.365,1.6373,7.9708,0.0267,0.9125,0.7587,24.6265,0.083,0.015,1.3722,60,42,4,29,15,44,7,6,9,4,41,1,329,17,76,5,2,5.6,20.3,4.6,45.4,6.2,4.9,3.6,6.5,3.1
5841.333,0.3597,3.6231,1.8487,7.3454,0.0464,0.948,1.0035,25.2537,0.0896,0.0149,1.421,44,45,4,26,21,73,5,4,6,5,46,4,374,17,73,4,7,,,,,,,,,
5841.667,0.1459,0.4647,0.5277,3.1807,0.0642,1.6214,0.3099,33.4384,0.0331,0.0137,0.8512,44,14,7,22,21,47,6,9,10,4,23,6,1447,0,0,3,0,,,,,,,,,
5842,0.2616,0.76,0.6472,4.1353,0.0215,1.7317,0.5208,31.3081,0.0373,0.0138,0.9299,35,21,6,27,17,21,4,4,7,4,28,3,284,17,38,3,0,,,,,,,,,
5842.333,0.3453,2.884,2.6287,8.8081,0.1568,1.2755,1.3907,24.0456,0.1304,0.015,1.5008,45,56,5,37,16,48,7,0,8,5,48,6,399,23,82,4,11,,,,,,,,,
5842.667,0.3149,2.9502,2.1923,8.2327,0.1294,1.2123,1.28,25.0966,0.0932,0.0146,1.4474,49,46,4,36,21,125,7,6,9,5,54,13,414,20,65,4,6,4.6,15.4,5.8,52.1,6.7,5.6,2.3,5.3,2.2
5843,0.3521,3.5766,2.6754,8.8602,0.1645,1.2452,1.4547,24.7569,0.1186,0.0148,1.4755,42,59,5,41,18,41,7,7,11,6,68,0,403,24,70,3,7,,,,,,,,,
5843.333,0.3724,2.9722,2.7321,9.2129,0.1572,1.0947,1.5327,23.0314,0.1343,0.0147,1.576,34,57,5,42,18,54,7,9,11,6,60,2,394,23,67,4,6,,,,,,,,,
5844,0.3195,2.6471,2.3684,8.4363,0.1832,1.2507,1.3384,25.4545,0.1202,0.0146,1.3923,32,50,5,35,25,49,8,0,7,6,55,4,411,20,68,4,2,,,,,,,,,
5844.333,0.2996,1.863,2.5162,8.4996,0.1428,1.3144,1.3691,24.9338,0.1291,0.0145,1.4244,21,52,3,46,19,60,8,5,9,5,56,15,422,20,66,5,7,3.7,10.2,6.5,53.7,7.4,5.3,3.2,4.9,5
5844.667,0.3132,3.0923,2.5602,8.6863,0.1453,1.2826,1.4257,24.7406,0.1259,0.0148,1.377,40,50,5,50,24,89,6,6,9,5,57,0,392,22,69,5,6,,,,,,,,,
5845,0.2887,3.2726,2.8166,9.3314,0.1768,1.2569,1.4444,26.0518,0.1231,0.0149,1.3572,34,54,4,42,20,40,7,7,10,6,57,6,414,23,73,4,4,,,,,,,,,
5845.333,0.1802,0.5827,0.9302,5.2522,0.0716,1.4556,0.7106,30.0509,0.0541,0.0141,1.0008,21,36,5,23,18,62,5,6,9,4,33,0,343,12,43,2,1,,,,,,,,,
5845.667,0.2929,2.1679,1.6262,7.1714,0.1042,1.3787,1.0673,26.159,0.0912,0.0143,1.3017,44,52,7,30,16,50,9,5,10,5,48,2,401,23,65,4,1,,,,,,,,,
5846,0.2674,0.3076,0.6269,3.61,0.2221,0.781,0.3172,32.1053,0.032,0.0135,1.0185,59,19,8,33,27,39,9,9,11,4,15,27,2993,0,0,6,0,2.5,3.7,6.6,64.7,6,5.1,3.3,3.3,4.9
5846.333,0.2431,0.2992,0.172,2.7137,0.0412,0.3788,0.2184,35.2998,0.0283,0.0135,0.8524,35,13,8,18,16,16,6,3,7,4,18,9,1251,0,0,3,0,,,,,,,,,
5846.667,0.351,1.2173,2.356,11.5736,0.1064,1.0169,1.135,22.3691,0.1171,0.0154,1.1828,50,59,5,43,23,236,7,3,8,5,53,2,352,22,70,4,2,,,,,,,,,
5847,0.4004,0.4083,2.1949,10.1355,0.0543,1.5207,1.0832,20.8669,0.1091,0.0145,1.3048,34,40,3,50,20,85,7,5,10,5,54,0,354,22,75,5,1,,,,,,,,,
5847.333,0.2366,0.3793,0.2383,3.4171,0,0.5385,0.2491,34.3245,0.0227,0.0135,0.9239,42,19,7,20,16,21,7,1,8,4,20,0,287,16,28,2,0,2.1,5.2,3.8,68.7,4.6,4.7,4.2,4.8,1.8
5847.667,0.1623,0,0.4521,2.8399,0.0426,0.8079,0.2188,35.3232,0.0288,0.0128,1.0841,42,17,3,17,16,9,4,5,9,3,16,6,288,15,31,3,3,,,,,,,,,
5848,0.1177,0,0.3274,3.0241,0,0.5248,0.2396,35.3201,0.0312,0.0134,0.916,43,15,4,20,18,15,6,6,8,3,17,17,939,1,5,1,0,,,,,,,,,
5848.333,0.1771,0.2766,0.3508,2.9275,0,0.9421,0.2359,34.2618,0.0292,0.0134,0.9593,36,18,6,25,18,23,7,3,8,4,26,6,1038,0,4,5,2,,,,,,,,,
5848.667,0.1516,1.112,0.7165,3.9286,0.0484,0.7379,0.3449,34.2295,0.0442,0.0134,1.0256,44,23,9,29,16,20,5,5,9,3,18,1,345,14,26,1,6,,,,,,,,,
5849,0.2486,1.4734,4.0612,13.3826,0.0245,1.2561,1.8668,19.296,0.2125,0.0161,1.4354,11,58,7,50,17,29,9,7,10,7,89,8,268,23,127,7,10,15.7,9.3,5.1,50.4,6.8,3.6,2.7,3.8,2.6
5849.333,0.3274,0.5572,3.178,14.1272,0.028,1.2911,1.2765,18.2454,0.1642,0.0162,1.5103,30,61,6,24,15,21,7,9,11,5,60,6,260,25,186,7,14,,,,,,,,,
5849.667,0.3721,0.199,3.1206,13.6494,0.0043,1.5649,1.3413,16.101,0.1694,0.016,1.5339,21,66,8,28,13,12,9,6,10,6,64,0,262,24,157,6,8,,,,,,,,,
